id	rock	label_theme
1	http://data.bgs.ac.uk/id/Lexicon/NamedRockUnit/AOPT	http://data.bgs.ac.uk/id/Lexicon/Theme/SPRFCL
2	http://data.bgs.ac.uk/id/Lexicon/NamedRockUnit/CNET	http://data.bgs.ac.uk/id/Lexicon/Theme/BEDRCK
3	http://data.bgs.ac.uk/id/Lexicon/NamedRockUnit/BTCO	http://data.bgs.ac.uk/id/Lexicon/Theme/BEDRCK
4	http://data.bgs.ac.uk/id/Lexicon/NamedRockUnit/LOWC	http://data.bgs.ac.uk/id/Lexicon/Theme/BEDRCK
5	http://data.bgs.ac.uk/id/Lexicon/NamedRockUnit/HRHC	http://data.bgs.ac.uk/id/Lexicon/Theme/BEDRCK
6	http://data.bgs.ac.uk/id/Lexicon/NamedRockUnit/P26	http://data.bgs.ac.uk/id/Lexicon/Theme/BEDRCK
7	http://data.bgs.ac.uk/id/Lexicon/NamedRockUnit/MOYG	http://data.bgs.ac.uk/id/Lexicon/Theme/BEDRCK
8	http://data.bgs.ac.uk/id/Lexicon/NamedRockUnit/JNJC	http://data.bgs.ac.uk/id/Lexicon/Theme/BEDRCK
9	http://data.bgs.ac.uk/id/Lexicon/NamedRockUnit/BORO	http://data.bgs.ac.uk/id/Lexicon/Theme/BEDRCK
10	http://data.bgs.ac.uk/id/Lexicon/NamedRockUnit/ULK	http://data.bgs.ac.uk/id/Lexicon/Theme/BEDRCK
11	http://data.bgs.ac.uk/id/Lexicon/NamedRockUnit/AN	http://data.bgs.ac.uk/id/Lexicon/Theme/BEDRCK
12	http://data.bgs.ac.uk/id/Lexicon/NamedRockUnit/TBLN	http://data.bgs.ac.uk/id/Lexicon/Theme/BEDRCK
13	http://data.bgs.ac.uk/id/Lexicon/NamedRockUnit/GLA	http://data.bgs.ac.uk/id/Lexicon/Theme/BEDRCK
14	http://data.bgs.ac.uk/id/Lexicon/NamedRockUnit/SMLR	http://data.bgs.ac.uk/id/Lexicon/Theme/BEDRCK
15	http://data.bgs.ac.uk/id/Lexicon/NamedRockUnit/SWAM	http://data.bgs.ac.uk/id/Lexicon/Theme/BEDRCK
16	http://data.bgs.ac.uk/id/Lexicon/NamedRockUnit/BDMO	http://data.bgs.ac.uk/id/Lexicon/Theme/SPRFCL
17	http://data.bgs.ac.uk/id/Lexicon/NamedRockUnit/MGV	http://data.bgs.ac.uk/id/Lexicon/Theme/BEDRCK
18	http://data.bgs.ac.uk/id/Lexicon/NamedRockUnit/FAMA1	http://data.bgs.ac.uk/id/Lexicon/Theme/BEDRCK
19	http://data.bgs.ac.uk/id/Lexicon/NamedRockUnit/NO1B	http://data.bgs.ac.uk/id/Lexicon/Theme/SPRFCL
20	http://data.bgs.ac.uk/id/Lexicon/NamedRockUnit/BGGC	http://data.bgs.ac.uk/id/Lexicon/Theme/BEDRCK
21	http://data.bgs.ac.uk/id/Lexicon/NamedRockUnit/BEOS	http://data.bgs.ac.uk/id/Lexicon/Theme/BEDRCK
22	http://data.bgs.ac.uk/id/Lexicon/NamedRockUnit/FDHN3	http://data.bgs.ac.uk/id/Lexicon/Theme/BEDRCK
23	http://data.bgs.ac.uk/id/Lexicon/NamedRockUnit/BARC	http://data.bgs.ac.uk/id/Lexicon/Theme/BEDRCK
24	http://data.bgs.ac.uk/id/Lexicon/NamedRockUnit/RWNL	http://data.bgs.ac.uk/id/Lexicon/Theme/BEDRCK
25	http://data.bgs.ac.uk/id/Lexicon/NamedRockUnit/NMII	http://data.bgs.ac.uk/id/Lexicon/Theme/BEDRCK
26	http://data.bgs.ac.uk/id/Lexicon/NamedRockUnit/BHLV	http://data.bgs.ac.uk/id/Lexicon/Theme/BEDRCK
27	http://data.bgs.ac.uk/id/Lexicon/NamedRockUnit/MNS	http://data.bgs.ac.uk/id/Lexicon/Theme/BEDRCK
28	http://data.bgs.ac.uk/id/Lexicon/NamedRockUnit/RWSL	http://data.bgs.ac.uk/id/Lexicon/Theme/BEDRCK
29	http://data.bgs.ac.uk/id/Lexicon/NamedRockUnit/TFF	http://data.bgs.ac.uk/id/Lexicon/Theme/BEDRCK
30	http://data.bgs.ac.uk/id/Lexicon/NamedRockUnit/RAIS	http://data.bgs.ac.uk/id/Lexicon/Theme/BEDRCK
31	http://data.bgs.ac.uk/id/Lexicon/NamedRockUnit/EWL	http://data.bgs.ac.uk/id/Lexicon/Theme/BEDRCK
32	http://data.bgs.ac.uk/id/Lexicon/NamedRockUnit/MOCA	http://data.bgs.ac.uk/id/Lexicon/Theme/BEDRCK
33	http://data.bgs.ac.uk/id/Lexicon/NamedRockUnit/VAG	http://data.bgs.ac.uk/id/Lexicon/Theme/BEDRCK
34	http://data.bgs.ac.uk/id/Lexicon/NamedRockUnit/HSLA	http://data.bgs.ac.uk/id/Lexicon/Theme/BEDRCK
35	http://data.bgs.ac.uk/id/Lexicon/NamedRockUnit/HTA	http://data.bgs.ac.uk/id/Lexicon/Theme/BEDRCK
36	http://data.bgs.ac.uk/id/Lexicon/NamedRockUnit/MRK	http://data.bgs.ac.uk/id/Lexicon/Theme/BEDRCK
37	http://data.bgs.ac.uk/id/Lexicon/NamedRockUnit/TBAG	http://data.bgs.ac.uk/id/Lexicon/Theme/BEDRCK
38	http://data.bgs.ac.uk/id/Lexicon/NamedRockUnit/BHPI	http://data.bgs.ac.uk/id/Lexicon/Theme/BEDRCK
39	http://data.bgs.ac.uk/id/Lexicon/NamedRockUnit/RLE8	http://data.bgs.ac.uk/id/Lexicon/Theme/BEDRCK
40	http://data.bgs.ac.uk/id/Lexicon/NamedRockUnit/HACA	http://data.bgs.ac.uk/id/Lexicon/Theme/BEDRCK
41	http://data.bgs.ac.uk/id/Lexicon/NamedRockUnit/WGNC	http://data.bgs.ac.uk/id/Lexicon/Theme/BEDRCK
42	http://data.bgs.ac.uk/id/Lexicon/NamedRockUnit/LLF	http://data.bgs.ac.uk/id/Lexicon/Theme/BEDRCK
43	http://data.bgs.ac.uk/id/Lexicon/NamedRockUnit/M1C	http://data.bgs.ac.uk/id/Lexicon/Theme/BEDRCK
44	http://data.bgs.ac.uk/id/Lexicon/NamedRockUnit/BARW	http://data.bgs.ac.uk/id/Lexicon/Theme/SPRFCL
45	http://data.bgs.ac.uk/id/Lexicon/NamedRockUnit/PLA	http://data.bgs.ac.uk/id/Lexicon/Theme/BEDRCK
46	http://data.bgs.ac.uk/id/Lexicon/NamedRockUnit/ACR	http://data.bgs.ac.uk/id/Lexicon/Theme/BEDRCK
47	http://data.bgs.ac.uk/id/Lexicon/NamedRockUnit/BNG	http://data.bgs.ac.uk/id/Lexicon/Theme/BEDRCK
48	http://data.bgs.ac.uk/id/Lexicon/NamedRockUnit/BOHIL	http://data.bgs.ac.uk/id/Lexicon/Theme/BEDRCK
49	http://data.bgs.ac.uk/id/Lexicon/NamedRockUnit/SHB	http://data.bgs.ac.uk/id/Lexicon/Theme/BEDRCK
50	http://data.bgs.ac.uk/id/Lexicon/NamedRockUnit/B1WC	http://data.bgs.ac.uk/id/Lexicon/Theme/BEDRCK
51	http://data.bgs.ac.uk/id/Lexicon/NamedRockUnit/WBS	http://data.bgs.ac.uk/id/Lexicon/Theme/BEDRCK
52	http://data.bgs.ac.uk/id/Lexicon/NamedRockUnit/TRE	http://data.bgs.ac.uk/id/Lexicon/Theme/BEDRCK
53	http://data.bgs.ac.uk/id/Lexicon/NamedRockUnit/S3FC	http://data.bgs.ac.uk/id/Lexicon/Theme/BEDRCK
54	http://data.bgs.ac.uk/id/Lexicon/NamedRockUnit/SABA	http://data.bgs.ac.uk/id/Lexicon/Theme/BEDRCK
55	http://data.bgs.ac.uk/id/Lexicon/NamedRockUnit/P3334	http://data.bgs.ac.uk/id/Lexicon/Theme/BEDRCK
56	http://data.bgs.ac.uk/id/Lexicon/NamedRockUnit/CUIL3	http://data.bgs.ac.uk/id/Lexicon/Theme/BEDRCK
57	http://data.bgs.ac.uk/id/Lexicon/NamedRockUnit/NBS	http://data.bgs.ac.uk/id/Lexicon/Theme/BEDRCK
58	http://data.bgs.ac.uk/id/Lexicon/NamedRockUnit/CGCO	http://data.bgs.ac.uk/id/Lexicon/Theme/BEDRCK
59	http://data.bgs.ac.uk/id/Lexicon/NamedRockUnit/ABKF	http://data.bgs.ac.uk/id/Lexicon/Theme/BEDRCK
60	http://data.bgs.ac.uk/id/Lexicon/NamedRockUnit/NEF	http://data.bgs.ac.uk/id/Lexicon/Theme/BEDRCK
61	http://data.bgs.ac.uk/id/Lexicon/NamedRockUnit/STMA	http://data.bgs.ac.uk/id/Lexicon/Theme/BEDRCK
62	http://data.bgs.ac.uk/id/Lexicon/NamedRockUnit/MNG3	http://data.bgs.ac.uk/id/Lexicon/Theme/BEDRCK
63	http://data.bgs.ac.uk/id/Lexicon/NamedRockUnit/PO	http://data.bgs.ac.uk/id/Lexicon/Theme/BEDRCK
64	http://data.bgs.ac.uk/id/Lexicon/NamedRockUnit/SADHI	http://data.bgs.ac.uk/id/Lexicon/Theme/BEDRCK
65	http://data.bgs.ac.uk/id/Lexicon/NamedRockUnit/NCK	http://data.bgs.ac.uk/id/Lexicon/Theme/BEDRCK
66	http://data.bgs.ac.uk/id/Lexicon/NamedRockUnit/BRARE	http://data.bgs.ac.uk/id/Lexicon/Theme/BEDRCK
67	http://data.bgs.ac.uk/id/Lexicon/NamedRockUnit/GINH	http://data.bgs.ac.uk/id/Lexicon/Theme/BEDRCK
68	http://data.bgs.ac.uk/id/Lexicon/NamedRockUnit/LAIL	http://data.bgs.ac.uk/id/Lexicon/Theme/BEDRCK
69	http://data.bgs.ac.uk/id/Lexicon/NamedRockUnit/BYR	http://data.bgs.ac.uk/id/Lexicon/Theme/BEDRCK
70	http://data.bgs.ac.uk/id/Lexicon/NamedRockUnit/TB	http://data.bgs.ac.uk/id/Lexicon/Theme/BEDRCK
71	http://data.bgs.ac.uk/id/Lexicon/NamedRockUnit/LBWL	http://data.bgs.ac.uk/id/Lexicon/Theme/BEDRCK
72	http://data.bgs.ac.uk/id/Lexicon/NamedRockUnit/CFPI	http://data.bgs.ac.uk/id/Lexicon/Theme/BEDRCK
73	http://data.bgs.ac.uk/id/Lexicon/NamedRockUnit/WHFS	http://data.bgs.ac.uk/id/Lexicon/Theme/BEDRCK
74	http://data.bgs.ac.uk/id/Lexicon/NamedRockUnit/LBD	http://data.bgs.ac.uk/id/Lexicon/Theme/SPRFCL
75	http://data.bgs.ac.uk/id/Lexicon/NamedRockUnit/TAYP	http://data.bgs.ac.uk/id/Lexicon/Theme/BEDRCK
76	http://data.bgs.ac.uk/id/Lexicon/NamedRockUnit/LAIRG	http://data.bgs.ac.uk/id/Lexicon/Theme/BEDRCK
77	http://data.bgs.ac.uk/id/Lexicon/NamedRockUnit/GARRY	http://data.bgs.ac.uk/id/Lexicon/Theme/BEDRCK
78	http://data.bgs.ac.uk/id/Lexicon/NamedRockUnit/PTSL	http://data.bgs.ac.uk/id/Lexicon/Theme/BEDRCK
79	http://data.bgs.ac.uk/id/Lexicon/NamedRockUnit/SYL	http://data.bgs.ac.uk/id/Lexicon/Theme/BEDRCK
80	http://data.bgs.ac.uk/id/Lexicon/NamedRockUnit/TNFR	http://data.bgs.ac.uk/id/Lexicon/Theme/BEDRCK
81	http://data.bgs.ac.uk/id/Lexicon/NamedRockUnit/WESD	http://data.bgs.ac.uk/id/Lexicon/Theme/BEDRCK
82	http://data.bgs.ac.uk/id/Lexicon/NamedRockUnit/CUMN	http://data.bgs.ac.uk/id/Lexicon/Theme/BEDRCK
83	http://data.bgs.ac.uk/id/Lexicon/NamedRockUnit/CTGR	http://data.bgs.ac.uk/id/Lexicon/Theme/BEDRCK
84	http://data.bgs.ac.uk/id/Lexicon/NamedRockUnit/KNS	http://data.bgs.ac.uk/id/Lexicon/Theme/BEDRCK
85	http://data.bgs.ac.uk/id/Lexicon/NamedRockUnit/DBGQ	http://data.bgs.ac.uk/id/Lexicon/Theme/BEDRCK
86	http://data.bgs.ac.uk/id/Lexicon/NamedRockUnit/P19	http://data.bgs.ac.uk/id/Lexicon/Theme/BEDRCK
87	http://data.bgs.ac.uk/id/Lexicon/NamedRockUnit/UEXD	http://data.bgs.ac.uk/id/Lexicon/Theme/BEDRCK
88	http://data.bgs.ac.uk/id/Lexicon/NamedRockUnit/FLPT	http://data.bgs.ac.uk/id/Lexicon/Theme/SPRFCL
89	http://data.bgs.ac.uk/id/Lexicon/NamedRockUnit/CORH	http://data.bgs.ac.uk/id/Lexicon/Theme/BEDRCK
90	http://data.bgs.ac.uk/id/Lexicon/NamedRockUnit/ASYC	http://data.bgs.ac.uk/id/Lexicon/Theme/BEDRCK
91	http://data.bgs.ac.uk/id/Lexicon/NamedRockUnit/C3B	http://data.bgs.ac.uk/id/Lexicon/Theme/BEDRCK
92	http://data.bgs.ac.uk/id/Lexicon/NamedRockUnit/MEST	http://data.bgs.ac.uk/id/Lexicon/Theme/BEDRCK
93	http://data.bgs.ac.uk/id/Lexicon/NamedRockUnit/WFS	http://data.bgs.ac.uk/id/Lexicon/Theme/BEDRCK
94	http://data.bgs.ac.uk/id/Lexicon/NamedRockUnit/SURA	http://data.bgs.ac.uk/id/Lexicon/Theme/SPRFCL
95	http://data.bgs.ac.uk/id/Lexicon/NamedRockUnit/EYL	http://data.bgs.ac.uk/id/Lexicon/Theme/BEDRCK
96	http://data.bgs.ac.uk/id/Lexicon/NamedRockUnit/PNR	http://data.bgs.ac.uk/id/Lexicon/Theme/BEDRCK
97	http://data.bgs.ac.uk/id/Lexicon/NamedRockUnit/MRRT	http://data.bgs.ac.uk/id/Lexicon/Theme/BEDRCK
98	http://data.bgs.ac.uk/id/Lexicon/NamedRockUnit/NBWKL	http://data.bgs.ac.uk/id/Lexicon/Theme/BEDRCK
99	http://data.bgs.ac.uk/id/Lexicon/NamedRockUnit/MUDL	http://data.bgs.ac.uk/id/Lexicon/Theme/BEDRCK
100	http://data.bgs.ac.uk/id/Lexicon/NamedRockUnit/PBB	http://data.bgs.ac.uk/id/Lexicon/Theme/BEDRCK
101	http://data.bgs.ac.uk/id/Lexicon/NamedRockUnit/HENS	http://data.bgs.ac.uk/id/Lexicon/Theme/BEDRCK
102	http://data.bgs.ac.uk/id/Lexicon/NamedRockUnit/WPA	http://data.bgs.ac.uk/id/Lexicon/Theme/BEDRCK
103	http://data.bgs.ac.uk/id/Lexicon/NamedRockUnit/DRGR	http://data.bgs.ac.uk/id/Lexicon/Theme/SPRFCL
104	http://data.bgs.ac.uk/id/Lexicon/NamedRockUnit/CMVC	http://data.bgs.ac.uk/id/Lexicon/Theme/BEDRCK
105	http://data.bgs.ac.uk/id/Lexicon/NamedRockUnit/TFD1	http://data.bgs.ac.uk/id/Lexicon/Theme/SPRFCL
106	http://data.bgs.ac.uk/id/Lexicon/NamedRockUnit/SCA	http://data.bgs.ac.uk/id/Lexicon/Theme/BEDRCK
107	http://data.bgs.ac.uk/id/Lexicon/NamedRockUnit/CELL	http://data.bgs.ac.uk/id/Lexicon/Theme/BEDRCK
108	http://data.bgs.ac.uk/id/Lexicon/NamedRockUnit/P3536	http://data.bgs.ac.uk/id/Lexicon/Theme/BEDRCK
109	http://data.bgs.ac.uk/id/Lexicon/NamedRockUnit/GLFC	http://data.bgs.ac.uk/id/Lexicon/Theme/BEDRCK
110	http://data.bgs.ac.uk/id/Lexicon/NamedRockUnit/LPIC	http://data.bgs.ac.uk/id/Lexicon/Theme/BEDRCK
111	http://data.bgs.ac.uk/id/Lexicon/NamedRockUnit/AR2	http://data.bgs.ac.uk/id/Lexicon/Theme/SPRFCL
112	http://data.bgs.ac.uk/id/Lexicon/NamedRockUnit/BWWC	http://data.bgs.ac.uk/id/Lexicon/Theme/BEDRCK
113	http://data.bgs.ac.uk/id/Lexicon/NamedRockUnit/CEDU	http://data.bgs.ac.uk/id/Lexicon/Theme/SPRFCL
114	http://data.bgs.ac.uk/id/Lexicon/NamedRockUnit/HKT	http://data.bgs.ac.uk/id/Lexicon/Theme/BEDRCK
115	http://data.bgs.ac.uk/id/Lexicon/NamedRockUnit/TVG	http://data.bgs.ac.uk/id/Lexicon/Theme/BEDRCK
116	http://data.bgs.ac.uk/id/Lexicon/NamedRockUnit/LNDB	http://data.bgs.ac.uk/id/Lexicon/Theme/BEDRCK
117	http://data.bgs.ac.uk/id/Lexicon/NamedRockUnit/CNEA	http://data.bgs.ac.uk/id/Lexicon/Theme/BEDRCK
118	http://data.bgs.ac.uk/id/Lexicon/NamedRockUnit/LZ	http://data.bgs.ac.uk/id/Lexicon/Theme/BEDRCK
119	http://data.bgs.ac.uk/id/Lexicon/NamedRockUnit/NWPL	http://data.bgs.ac.uk/id/Lexicon/Theme/BEDRCK
120	http://data.bgs.ac.uk/id/Lexicon/NamedRockUnit/UEXAZ	http://data.bgs.ac.uk/id/Lexicon/Theme/BEDRCK
121	http://data.bgs.ac.uk/id/Lexicon/NamedRockUnit/SOP	http://data.bgs.ac.uk/id/Lexicon/Theme/BEDRCK
122	http://data.bgs.ac.uk/id/Lexicon/NamedRockUnit/LTA	http://data.bgs.ac.uk/id/Lexicon/Theme/BEDRCK
123	http://data.bgs.ac.uk/id/Lexicon/NamedRockUnit/SSA	http://data.bgs.ac.uk/id/Lexicon/Theme/SPRFCL
124	http://data.bgs.ac.uk/id/Lexicon/NamedRockUnit/BRETL	http://data.bgs.ac.uk/id/Lexicon/Theme/SPRFCL
125	http://data.bgs.ac.uk/id/Lexicon/NamedRockUnit/CNAL3	http://data.bgs.ac.uk/id/Lexicon/Theme/BEDRCK
126	http://data.bgs.ac.uk/id/Lexicon/NamedRockUnit/LSRL	http://data.bgs.ac.uk/id/Lexicon/Theme/BEDRCK
127	http://data.bgs.ac.uk/id/Lexicon/NamedRockUnit/PGRC	http://data.bgs.ac.uk/id/Lexicon/Theme/BEDRCK
128	http://data.bgs.ac.uk/id/Lexicon/NamedRockUnit/LDSP	http://data.bgs.ac.uk/id/Lexicon/Theme/BEDRCK
129	http://data.bgs.ac.uk/id/Lexicon/NamedRockUnit/FTNC	http://data.bgs.ac.uk/id/Lexicon/Theme/BEDRCK
130	http://data.bgs.ac.uk/id/Lexicon/NamedRockUnit/BCMU	http://data.bgs.ac.uk/id/Lexicon/Theme/BEDRCK
131	http://data.bgs.ac.uk/id/Lexicon/NamedRockUnit/BTYH	http://data.bgs.ac.uk/id/Lexicon/Theme/BEDRCK
132	http://data.bgs.ac.uk/id/Lexicon/NamedRockUnit/BEAL	http://data.bgs.ac.uk/id/Lexicon/Theme/BEDRCK
133	http://data.bgs.ac.uk/id/Lexicon/NamedRockUnit/QBR	http://data.bgs.ac.uk/id/Lexicon/Theme/BEDRCK
134	http://data.bgs.ac.uk/id/Lexicon/NamedRockUnit/JYSH	http://data.bgs.ac.uk/id/Lexicon/Theme/BEDRCK
135	http://data.bgs.ac.uk/id/Lexicon/NamedRockUnit/PBCO	http://data.bgs.ac.uk/id/Lexicon/Theme/BEDRCK
136	http://data.bgs.ac.uk/id/Lexicon/NamedRockUnit/HIRTA	http://data.bgs.ac.uk/id/Lexicon/Theme/BEDRCK
137	http://data.bgs.ac.uk/id/Lexicon/NamedRockUnit/SWMC	http://data.bgs.ac.uk/id/Lexicon/Theme/BEDRCK
138	http://data.bgs.ac.uk/id/Lexicon/NamedRockUnit/CLRG	http://data.bgs.ac.uk/id/Lexicon/Theme/BEDRCK
139	http://data.bgs.ac.uk/id/Lexicon/NamedRockUnit/P18	http://data.bgs.ac.uk/id/Lexicon/Theme/BEDRCK
140	http://data.bgs.ac.uk/id/Lexicon/NamedRockUnit/AGSI	http://data.bgs.ac.uk/id/Lexicon/Theme/SPRFCL
141	http://data.bgs.ac.uk/id/Lexicon/NamedRockUnit/LWC	http://data.bgs.ac.uk/id/Lexicon/Theme/BEDRCK
142	http://data.bgs.ac.uk/id/Lexicon/NamedRockUnit/WLDY	http://data.bgs.ac.uk/id/Lexicon/Theme/BEDRCK
143	http://data.bgs.ac.uk/id/Lexicon/NamedRockUnit/CARCO	http://data.bgs.ac.uk/id/Lexicon/Theme/BEDRCK
144	http://data.bgs.ac.uk/id/Lexicon/NamedRockUnit/BBEN	http://data.bgs.ac.uk/id/Lexicon/Theme/BEDRCK
145	http://data.bgs.ac.uk/id/Lexicon/NamedRockUnit/LJCO	http://data.bgs.ac.uk/id/Lexicon/Theme/BEDRCK
146	http://data.bgs.ac.uk/id/Lexicon/NamedRockUnit/LCTI	http://data.bgs.ac.uk/id/Lexicon/Theme/SPRFCL
147	http://data.bgs.ac.uk/id/Lexicon/NamedRockUnit/SALA	http://data.bgs.ac.uk/id/Lexicon/Theme/BEDRCK
148	http://data.bgs.ac.uk/id/Lexicon/NamedRockUnit/TILLI	http://data.bgs.ac.uk/id/Lexicon/Theme/SPRFCL
149	http://data.bgs.ac.uk/id/Lexicon/NamedRockUnit/KNM	http://data.bgs.ac.uk/id/Lexicon/Theme/BEDRCK
150	http://data.bgs.ac.uk/id/Lexicon/NamedRockUnit/TCRS	http://data.bgs.ac.uk/id/Lexicon/Theme/BEDRCK
151	http://data.bgs.ac.uk/id/Lexicon/NamedRockUnit/KILNC	http://data.bgs.ac.uk/id/Lexicon/Theme/BEDRCK
152	http://data.bgs.ac.uk/id/Lexicon/NamedRockUnit/CHMB	http://data.bgs.ac.uk/id/Lexicon/Theme/BEDRCK
153	http://data.bgs.ac.uk/id/Lexicon/NamedRockUnit/CLI	http://data.bgs.ac.uk/id/Lexicon/Theme/BEDRCK
154	http://data.bgs.ac.uk/id/Lexicon/NamedRockUnit/DCGB	http://data.bgs.ac.uk/id/Lexicon/Theme/BEDRCK
155	http://data.bgs.ac.uk/id/Lexicon/NamedRockUnit/LYC	http://data.bgs.ac.uk/id/Lexicon/Theme/BEDRCK
156	http://data.bgs.ac.uk/id/Lexicon/NamedRockUnit/CRFJ	http://data.bgs.ac.uk/id/Lexicon/Theme/BEDRCK
157	http://data.bgs.ac.uk/id/Lexicon/NamedRockUnit/GLO	http://data.bgs.ac.uk/id/Lexicon/Theme/SPRFCL
158	http://data.bgs.ac.uk/id/Lexicon/NamedRockUnit/DGM	http://data.bgs.ac.uk/id/Lexicon/Theme/BEDRCK
159	http://data.bgs.ac.uk/id/Lexicon/NamedRockUnit/WALL	http://data.bgs.ac.uk/id/Lexicon/Theme/BEDRCK
160	http://data.bgs.ac.uk/id/Lexicon/NamedRockUnit/FENC	http://data.bgs.ac.uk/id/Lexicon/Theme/BEDRCK
161	http://data.bgs.ac.uk/id/Lexicon/NamedRockUnit/CEU	http://data.bgs.ac.uk/id/Lexicon/Theme/BEDRCK
162	http://data.bgs.ac.uk/id/Lexicon/NamedRockUnit/FINC	http://data.bgs.ac.uk/id/Lexicon/Theme/BEDRCK
163	http://data.bgs.ac.uk/id/Lexicon/NamedRockUnit/SAL	http://data.bgs.ac.uk/id/Lexicon/Theme/BEDRCK
164	http://data.bgs.ac.uk/id/Lexicon/NamedRockUnit/OK1T2	http://data.bgs.ac.uk/id/Lexicon/Theme/SPRFCL
165	http://data.bgs.ac.uk/id/Lexicon/NamedRockUnit/BLF	http://data.bgs.ac.uk/id/Lexicon/Theme/BEDRCK
166	http://data.bgs.ac.uk/id/Lexicon/NamedRockUnit/KCB	http://data.bgs.ac.uk/id/Lexicon/Theme/BEDRCK
167	http://data.bgs.ac.uk/id/Lexicon/NamedRockUnit/KHAM	http://data.bgs.ac.uk/id/Lexicon/Theme/BEDRCK
168	http://data.bgs.ac.uk/id/Lexicon/NamedRockUnit/WHP	http://data.bgs.ac.uk/id/Lexicon/Theme/BEDRCK
169	http://data.bgs.ac.uk/id/Lexicon/NamedRockUnit/MGN	http://data.bgs.ac.uk/id/Lexicon/Theme/BEDRCK
170	http://data.bgs.ac.uk/id/Lexicon/NamedRockUnit/RDSG	http://data.bgs.ac.uk/id/Lexicon/Theme/SPRFCL
171	http://data.bgs.ac.uk/id/Lexicon/NamedRockUnit/RVAL	http://data.bgs.ac.uk/id/Lexicon/Theme/BEDRCK
172	http://data.bgs.ac.uk/id/Lexicon/NamedRockUnit/PCM	http://data.bgs.ac.uk/id/Lexicon/Theme/BEDRCK
173	http://data.bgs.ac.uk/id/Lexicon/NamedRockUnit/STS	http://data.bgs.ac.uk/id/Lexicon/Theme/BEDRCK
174	http://data.bgs.ac.uk/id/Lexicon/NamedRockUnit/DAOF	http://data.bgs.ac.uk/id/Lexicon/Theme/BEDRCK
175	http://data.bgs.ac.uk/id/Lexicon/NamedRockUnit/DISH	http://data.bgs.ac.uk/id/Lexicon/Theme/BEDRCK
176	http://data.bgs.ac.uk/id/Lexicon/NamedRockUnit/NAVN	http://data.bgs.ac.uk/id/Lexicon/Theme/BEDRCK
177	http://data.bgs.ac.uk/id/Lexicon/NamedRockUnit/N1LC	http://data.bgs.ac.uk/id/Lexicon/Theme/BEDRCK
178	http://data.bgs.ac.uk/id/Lexicon/NamedRockUnit/BAS	http://data.bgs.ac.uk/id/Lexicon/Theme/BEDRCK
179	http://data.bgs.ac.uk/id/Lexicon/NamedRockUnit/MSWS	http://data.bgs.ac.uk/id/Lexicon/Theme/BEDRCK
180	http://data.bgs.ac.uk/id/Lexicon/NamedRockUnit/WBDS	http://data.bgs.ac.uk/id/Lexicon/Theme/SPRFCL
181	http://data.bgs.ac.uk/id/Lexicon/NamedRockUnit/MULDI	http://data.bgs.ac.uk/id/Lexicon/Theme/BEDRCK
182	http://data.bgs.ac.uk/id/Lexicon/NamedRockUnit/BWTI	http://data.bgs.ac.uk/id/Lexicon/Theme/SPRFCL
183	http://data.bgs.ac.uk/id/Lexicon/NamedRockUnit/WRSB	http://data.bgs.ac.uk/id/Lexicon/Theme/BEDRCK
184	http://data.bgs.ac.uk/id/Lexicon/NamedRockUnit/DYRC	http://data.bgs.ac.uk/id/Lexicon/Theme/BEDRCK
185	http://data.bgs.ac.uk/id/Lexicon/NamedRockUnit/BLRS	http://data.bgs.ac.uk/id/Lexicon/Theme/BEDRCK
186	http://data.bgs.ac.uk/id/Lexicon/NamedRockUnit/RTDX	http://data.bgs.ac.uk/id/Lexicon/Theme/SPRFCL
187	http://data.bgs.ac.uk/id/Lexicon/NamedRockUnit/RTSZ	http://data.bgs.ac.uk/id/Lexicon/Theme/BEDRCK
188	http://data.bgs.ac.uk/id/Lexicon/NamedRockUnit/DHMR	http://data.bgs.ac.uk/id/Lexicon/Theme/BEDRCK
189	http://data.bgs.ac.uk/id/Lexicon/NamedRockUnit/BKGR	http://data.bgs.ac.uk/id/Lexicon/Theme/SPRFCL
190	http://data.bgs.ac.uk/id/Lexicon/NamedRockUnit/EWKS	http://data.bgs.ac.uk/id/Lexicon/Theme/BEDRCK
191	http://data.bgs.ac.uk/id/Lexicon/NamedRockUnit/BGR	http://data.bgs.ac.uk/id/Lexicon/Theme/BEDRCK
192	http://data.bgs.ac.uk/id/Lexicon/NamedRockUnit/PMCM	http://data.bgs.ac.uk/id/Lexicon/Theme/BEDRCK
193	http://data.bgs.ac.uk/id/Lexicon/NamedRockUnit/KIPH	http://data.bgs.ac.uk/id/Lexicon/Theme/BEDRCK
194	http://data.bgs.ac.uk/id/Lexicon/NamedRockUnit/CTL	http://data.bgs.ac.uk/id/Lexicon/Theme/BEDRCK
195	http://data.bgs.ac.uk/id/Lexicon/NamedRockUnit/SCBL	http://data.bgs.ac.uk/id/Lexicon/Theme/BEDRCK
196	http://data.bgs.ac.uk/id/Lexicon/NamedRockUnit/BOQ	http://data.bgs.ac.uk/id/Lexicon/Theme/BEDRCK
197	http://data.bgs.ac.uk/id/Lexicon/NamedRockUnit/CALIM	http://data.bgs.ac.uk/id/Lexicon/Theme/BEDRCK
198	http://data.bgs.ac.uk/id/Lexicon/NamedRockUnit/ARST	http://data.bgs.ac.uk/id/Lexicon/Theme/BEDRCK
199	http://data.bgs.ac.uk/id/Lexicon/NamedRockUnit/BKP	http://data.bgs.ac.uk/id/Lexicon/Theme/BEDRCK
200	http://data.bgs.ac.uk/id/Lexicon/NamedRockUnit/CHRM	http://data.bgs.ac.uk/id/Lexicon/Theme/BEDRCK
201	http://data.bgs.ac.uk/id/Lexicon/NamedRockUnit/CEBS	http://data.bgs.ac.uk/id/Lexicon/Theme/BEDRCK
202	http://data.bgs.ac.uk/id/Lexicon/NamedRockUnit/WNS	http://data.bgs.ac.uk/id/Lexicon/Theme/BEDRCK
203	http://data.bgs.ac.uk/id/Lexicon/NamedRockUnit/BES	http://data.bgs.ac.uk/id/Lexicon/Theme/BEDRCK
204	http://data.bgs.ac.uk/id/Lexicon/NamedRockUnit/ERGL	http://data.bgs.ac.uk/id/Lexicon/Theme/BEDRCK
205	http://data.bgs.ac.uk/id/Lexicon/NamedRockUnit/INCO	http://data.bgs.ac.uk/id/Lexicon/Theme/BEDRCK
206	http://data.bgs.ac.uk/id/Lexicon/NamedRockUnit/RMDD	http://data.bgs.ac.uk/id/Lexicon/Theme/SPRFCL
207	http://data.bgs.ac.uk/id/Lexicon/NamedRockUnit/GRBW	http://data.bgs.ac.uk/id/Lexicon/Theme/BEDRCK
208	http://data.bgs.ac.uk/id/Lexicon/NamedRockUnit/CLCL	http://data.bgs.ac.uk/id/Lexicon/Theme/BEDRCK
209	http://data.bgs.ac.uk/id/Lexicon/NamedRockUnit/SPPS	http://data.bgs.ac.uk/id/Lexicon/Theme/BEDRCK
210	http://data.bgs.ac.uk/id/Lexicon/NamedRockUnit/WIHG	http://data.bgs.ac.uk/id/Lexicon/Theme/SPRFCL
211	http://data.bgs.ac.uk/id/Lexicon/NamedRockUnit/NGRC	http://data.bgs.ac.uk/id/Lexicon/Theme/BEDRCK
212	http://data.bgs.ac.uk/id/Lexicon/NamedRockUnit/DBOF	http://data.bgs.ac.uk/id/Lexicon/Theme/BEDRCK
213	http://data.bgs.ac.uk/id/Lexicon/NamedRockUnit/ABMR	http://data.bgs.ac.uk/id/Lexicon/Theme/BEDRCK
214	http://data.bgs.ac.uk/id/Lexicon/NamedRockUnit/DBKL	http://data.bgs.ac.uk/id/Lexicon/Theme/BEDRCK
215	http://data.bgs.ac.uk/id/Lexicon/NamedRockUnit/TBNC	http://data.bgs.ac.uk/id/Lexicon/Theme/BEDRCK
216	http://data.bgs.ac.uk/id/Lexicon/NamedRockUnit/DOXC	http://data.bgs.ac.uk/id/Lexicon/Theme/BEDRCK
217	http://data.bgs.ac.uk/id/Lexicon/NamedRockUnit/PRHM	http://data.bgs.ac.uk/id/Lexicon/Theme/BEDRCK
218	http://data.bgs.ac.uk/id/Lexicon/NamedRockUnit/PCR	http://data.bgs.ac.uk/id/Lexicon/Theme/BEDRCK
219	http://data.bgs.ac.uk/id/Lexicon/NamedRockUnit/HAWT	http://data.bgs.ac.uk/id/Lexicon/Theme/BEDRCK
220	http://data.bgs.ac.uk/id/Lexicon/NamedRockUnit/SDM	http://data.bgs.ac.uk/id/Lexicon/Theme/BEDRCK
221	http://data.bgs.ac.uk/id/Lexicon/NamedRockUnit/DCML	http://data.bgs.ac.uk/id/Lexicon/Theme/BEDRCK
222	http://data.bgs.ac.uk/id/Lexicon/NamedRockUnit/BONH	http://data.bgs.ac.uk/id/Lexicon/Theme/BEDRCK
223	http://data.bgs.ac.uk/id/Lexicon/NamedRockUnit/DAAQ	http://data.bgs.ac.uk/id/Lexicon/Theme/BEDRCK
224	http://data.bgs.ac.uk/id/Lexicon/NamedRockUnit/CVN	http://data.bgs.ac.uk/id/Lexicon/Theme/BEDRCK
225	http://data.bgs.ac.uk/id/Lexicon/NamedRockUnit/HNCK	http://data.bgs.ac.uk/id/Lexicon/Theme/BEDRCK
226	http://data.bgs.ac.uk/id/Lexicon/NamedRockUnit/PONR	http://data.bgs.ac.uk/id/Lexicon/Theme/BEDRCK
227	http://data.bgs.ac.uk/id/Lexicon/NamedRockUnit/RWV	http://data.bgs.ac.uk/id/Lexicon/Theme/BEDRCK
228	http://data.bgs.ac.uk/id/Lexicon/NamedRockUnit/IHEB	http://data.bgs.ac.uk/id/Lexicon/Theme/BEDRCK
229	http://data.bgs.ac.uk/id/Lexicon/NamedRockUnit/EXFL	http://data.bgs.ac.uk/id/Lexicon/Theme/BEDRCK
230	http://data.bgs.ac.uk/id/Lexicon/NamedRockUnit/CFFC	http://data.bgs.ac.uk/id/Lexicon/Theme/BEDRCK
231	http://data.bgs.ac.uk/id/Lexicon/NamedRockUnit/MDF	http://data.bgs.ac.uk/id/Lexicon/Theme/BEDRCK
232	http://data.bgs.ac.uk/id/Lexicon/NamedRockUnit/SUSA	http://data.bgs.ac.uk/id/Lexicon/Theme/BEDRCK
233	http://data.bgs.ac.uk/id/Lexicon/NamedRockUnit/KT	http://data.bgs.ac.uk/id/Lexicon/Theme/BEDRCK
234	http://data.bgs.ac.uk/id/Lexicon/NamedRockUnit/RHUMC	http://data.bgs.ac.uk/id/Lexicon/Theme/BEDRCK
235	http://data.bgs.ac.uk/id/Lexicon/NamedRockUnit/SRSM	http://data.bgs.ac.uk/id/Lexicon/Theme/BEDRCK
236	http://data.bgs.ac.uk/id/Lexicon/NamedRockUnit/HURC	http://data.bgs.ac.uk/id/Lexicon/Theme/BEDRCK
237	http://data.bgs.ac.uk/id/Lexicon/NamedRockUnit/CRSH	http://data.bgs.ac.uk/id/Lexicon/Theme/BEDRCK
238	http://data.bgs.ac.uk/id/Lexicon/NamedRockUnit/BIDY	http://data.bgs.ac.uk/id/Lexicon/Theme/BEDRCK
239	http://data.bgs.ac.uk/id/Lexicon/NamedRockUnit/ARSS	http://data.bgs.ac.uk/id/Lexicon/Theme/BEDRCK
240	http://data.bgs.ac.uk/id/Lexicon/NamedRockUnit/KIGT	http://data.bgs.ac.uk/id/Lexicon/Theme/BEDRCK
241	http://data.bgs.ac.uk/id/Lexicon/NamedRockUnit/CHGR	http://data.bgs.ac.uk/id/Lexicon/Theme/BEDRCK
242	http://data.bgs.ac.uk/id/Lexicon/NamedRockUnit/MSCO	http://data.bgs.ac.uk/id/Lexicon/Theme/BEDRCK
243	http://data.bgs.ac.uk/id/Lexicon/NamedRockUnit/H2C1	http://data.bgs.ac.uk/id/Lexicon/Theme/BEDRCK
244	http://data.bgs.ac.uk/id/Lexicon/NamedRockUnit/DNML	http://data.bgs.ac.uk/id/Lexicon/Theme/BEDRCK
245	http://data.bgs.ac.uk/id/Lexicon/NamedRockUnit/MUP	http://data.bgs.ac.uk/id/Lexicon/Theme/BEDRCK
246	http://data.bgs.ac.uk/id/Lexicon/NamedRockUnit/RADC	http://data.bgs.ac.uk/id/Lexicon/Theme/BEDRCK
247	http://data.bgs.ac.uk/id/Lexicon/NamedRockUnit/NRD	http://data.bgs.ac.uk/id/Lexicon/Theme/SPRFCL
248	http://data.bgs.ac.uk/id/Lexicon/NamedRockUnit/BNKS	http://data.bgs.ac.uk/id/Lexicon/Theme/BEDRCK
249	http://data.bgs.ac.uk/id/Lexicon/NamedRockUnit/HHWY	http://data.bgs.ac.uk/id/Lexicon/Theme/BEDRCK
250	http://data.bgs.ac.uk/id/Lexicon/NamedRockUnit/NESE	http://data.bgs.ac.uk/id/Lexicon/Theme/BEDRCK
251	http://data.bgs.ac.uk/id/Lexicon/NamedRockUnit/TLM	http://data.bgs.ac.uk/id/Lexicon/Theme/BEDRCK
252	http://data.bgs.ac.uk/id/Lexicon/NamedRockUnit/LACDI	http://data.bgs.ac.uk/id/Lexicon/Theme/SPRFCL
253	http://data.bgs.ac.uk/id/Lexicon/NamedRockUnit/SBRY	http://data.bgs.ac.uk/id/Lexicon/Theme/SPRFCL
254	http://data.bgs.ac.uk/id/Lexicon/NamedRockUnit/CSTD	http://data.bgs.ac.uk/id/Lexicon/Theme/BEDRCK
255	http://data.bgs.ac.uk/id/Lexicon/NamedRockUnit/CRCS	http://data.bgs.ac.uk/id/Lexicon/Theme/BEDRCK
256	http://data.bgs.ac.uk/id/Lexicon/NamedRockUnit/DBPE	http://data.bgs.ac.uk/id/Lexicon/Theme/BEDRCK
257	http://data.bgs.ac.uk/id/Lexicon/NamedRockUnit/YCSL	http://data.bgs.ac.uk/id/Lexicon/Theme/BEDRCK
258	http://data.bgs.ac.uk/id/Lexicon/NamedRockUnit/IOGO	http://data.bgs.ac.uk/id/Lexicon/Theme/BEDRCK
259	http://data.bgs.ac.uk/id/Lexicon/NamedRockUnit/RFQ	http://data.bgs.ac.uk/id/Lexicon/Theme/BEDRCK
260	http://data.bgs.ac.uk/id/Lexicon/NamedRockUnit/EDG	http://data.bgs.ac.uk/id/Lexicon/Theme/BEDRCK
261	http://data.bgs.ac.uk/id/Lexicon/NamedRockUnit/BERI3	http://data.bgs.ac.uk/id/Lexicon/Theme/BEDRCK
262	http://data.bgs.ac.uk/id/Lexicon/NamedRockUnit/TILMP	http://data.bgs.ac.uk/id/Lexicon/Theme/SPRFCL
263	http://data.bgs.ac.uk/id/Lexicon/NamedRockUnit/GOSI	http://data.bgs.ac.uk/id/Lexicon/Theme/SPRFCL
264	http://data.bgs.ac.uk/id/Lexicon/NamedRockUnit/WSS	http://data.bgs.ac.uk/id/Lexicon/Theme/BEDRCK
265	http://data.bgs.ac.uk/id/Lexicon/NamedRockUnit/KILI	http://data.bgs.ac.uk/id/Lexicon/Theme/BEDRCK
266	http://data.bgs.ac.uk/id/Lexicon/NamedRockUnit/ULLB	http://data.bgs.ac.uk/id/Lexicon/Theme/BEDRCK
267	http://data.bgs.ac.uk/id/Lexicon/NamedRockUnit/GNKY	http://data.bgs.ac.uk/id/Lexicon/Theme/BEDRCK
268	http://data.bgs.ac.uk/id/Lexicon/NamedRockUnit/BETP	http://data.bgs.ac.uk/id/Lexicon/Theme/BEDRCK
269	http://data.bgs.ac.uk/id/Lexicon/NamedRockUnit/RYCL	http://data.bgs.ac.uk/id/Lexicon/Theme/SPRFCL
270	http://data.bgs.ac.uk/id/Lexicon/NamedRockUnit/PRO	http://data.bgs.ac.uk/id/Lexicon/Theme/BEDRCK
271	http://data.bgs.ac.uk/id/Lexicon/NamedRockUnit/LOC	http://data.bgs.ac.uk/id/Lexicon/Theme/BEDRCK
272	http://data.bgs.ac.uk/id/Lexicon/NamedRockUnit/DGW	http://data.bgs.ac.uk/id/Lexicon/Theme/BEDRCK
273	http://data.bgs.ac.uk/id/Lexicon/NamedRockUnit/JK	http://data.bgs.ac.uk/id/Lexicon/Theme/BEDRCK
274	http://data.bgs.ac.uk/id/Lexicon/NamedRockUnit/DBGL	http://data.bgs.ac.uk/id/Lexicon/Theme/BEDRCK
275	http://data.bgs.ac.uk/id/Lexicon/NamedRockUnit/DEL	http://data.bgs.ac.uk/id/Lexicon/Theme/BEDRCK
276	http://data.bgs.ac.uk/id/Lexicon/NamedRockUnit/WHGL	http://data.bgs.ac.uk/id/Lexicon/Theme/SPRFCL
277	http://data.bgs.ac.uk/id/Lexicon/NamedRockUnit/DKSA	http://data.bgs.ac.uk/id/Lexicon/Theme/BEDRCK
278	http://data.bgs.ac.uk/id/Lexicon/NamedRockUnit/BNCH	http://data.bgs.ac.uk/id/Lexicon/Theme/BEDRCK
279	http://data.bgs.ac.uk/id/Lexicon/NamedRockUnit/OACO	http://data.bgs.ac.uk/id/Lexicon/Theme/BEDRCK
280	http://data.bgs.ac.uk/id/Lexicon/NamedRockUnit/STYC	http://data.bgs.ac.uk/id/Lexicon/Theme/BEDRCK
281	http://data.bgs.ac.uk/id/Lexicon/NamedRockUnit/WY	http://data.bgs.ac.uk/id/Lexicon/Theme/BEDRCK
282	http://data.bgs.ac.uk/id/Lexicon/NamedRockUnit/HKYL	http://data.bgs.ac.uk/id/Lexicon/Theme/BEDRCK
283	http://data.bgs.ac.uk/id/Lexicon/NamedRockUnit/CLFL	http://data.bgs.ac.uk/id/Lexicon/Theme/BEDRCK
284	http://data.bgs.ac.uk/id/Lexicon/NamedRockUnit/GOWN	http://data.bgs.ac.uk/id/Lexicon/Theme/BEDRCK
285	http://data.bgs.ac.uk/id/Lexicon/NamedRockUnit/SAHP	http://data.bgs.ac.uk/id/Lexicon/Theme/BEDRCK
286	http://data.bgs.ac.uk/id/Lexicon/NamedRockUnit/DOU	http://data.bgs.ac.uk/id/Lexicon/Theme/BEDRCK
287	http://data.bgs.ac.uk/id/Lexicon/NamedRockUnit/GLOS	http://data.bgs.ac.uk/id/Lexicon/Theme/SPRFCL
288	http://data.bgs.ac.uk/id/Lexicon/NamedRockUnit/RGT	http://data.bgs.ac.uk/id/Lexicon/Theme/BEDRCK
289	http://data.bgs.ac.uk/id/Lexicon/NamedRockUnit/DHGR	http://data.bgs.ac.uk/id/Lexicon/Theme/SPRFCL
290	http://data.bgs.ac.uk/id/Lexicon/NamedRockUnit/DAIG	http://data.bgs.ac.uk/id/Lexicon/Theme/BEDRCK
291	http://data.bgs.ac.uk/id/Lexicon/NamedRockUnit/URA	http://data.bgs.ac.uk/id/Lexicon/Theme/BEDRCK
292	http://data.bgs.ac.uk/id/Lexicon/NamedRockUnit/NMSC	http://data.bgs.ac.uk/id/Lexicon/Theme/BEDRCK
293	http://data.bgs.ac.uk/id/Lexicon/NamedRockUnit/AEX	http://data.bgs.ac.uk/id/Lexicon/Theme/BEDRCK
294	http://data.bgs.ac.uk/id/Lexicon/NamedRockUnit/BHPD	http://data.bgs.ac.uk/id/Lexicon/Theme/BEDRCK
295	http://data.bgs.ac.uk/id/Lexicon/NamedRockUnit/CORS	http://data.bgs.ac.uk/id/Lexicon/Theme/SPRFCL
296	http://data.bgs.ac.uk/id/Lexicon/NamedRockUnit/MMSL	http://data.bgs.ac.uk/id/Lexicon/Theme/BEDRCK
297	http://data.bgs.ac.uk/id/Lexicon/NamedRockUnit/BRDY	http://data.bgs.ac.uk/id/Lexicon/Theme/BEDRCK
298	http://data.bgs.ac.uk/id/Lexicon/NamedRockUnit/CEC	http://data.bgs.ac.uk/id/Lexicon/Theme/BEDRCK
299	http://data.bgs.ac.uk/id/Lexicon/NamedRockUnit/ACM	http://data.bgs.ac.uk/id/Lexicon/Theme/BEDRCK
300	http://data.bgs.ac.uk/id/Lexicon/NamedRockUnit/HOF	http://data.bgs.ac.uk/id/Lexicon/Theme/BEDRCK
301	http://data.bgs.ac.uk/id/Lexicon/NamedRockUnit/PE	http://data.bgs.ac.uk/id/Lexicon/Theme/SPRFCL
302	http://data.bgs.ac.uk/id/Lexicon/NamedRockUnit/CDMR	http://data.bgs.ac.uk/id/Lexicon/Theme/BEDRCK
303	http://data.bgs.ac.uk/id/Lexicon/NamedRockUnit/CAWD	http://data.bgs.ac.uk/id/Lexicon/Theme/BEDRCK
304	http://data.bgs.ac.uk/id/Lexicon/NamedRockUnit/BEM	http://data.bgs.ac.uk/id/Lexicon/Theme/BEDRCK
305	http://data.bgs.ac.uk/id/Lexicon/NamedRockUnit/DOS	http://data.bgs.ac.uk/id/Lexicon/Theme/SPRFCL
306	http://data.bgs.ac.uk/id/Lexicon/NamedRockUnit/BDHV	http://data.bgs.ac.uk/id/Lexicon/Theme/BEDRCK
307	http://data.bgs.ac.uk/id/Lexicon/NamedRockUnit/HSZM	http://data.bgs.ac.uk/id/Lexicon/Theme/BEDRCK
308	http://data.bgs.ac.uk/id/Lexicon/NamedRockUnit/MEVA	http://data.bgs.ac.uk/id/Lexicon/Theme/SPRFCL
309	http://data.bgs.ac.uk/id/Lexicon/NamedRockUnit/KLLA	http://data.bgs.ac.uk/id/Lexicon/Theme/BEDRCK
310	http://data.bgs.ac.uk/id/Lexicon/NamedRockUnit/MUR	http://data.bgs.ac.uk/id/Lexicon/Theme/BEDRCK
311	http://data.bgs.ac.uk/id/Lexicon/NamedRockUnit/UMIL	http://data.bgs.ac.uk/id/Lexicon/Theme/BEDRCK
312	http://data.bgs.ac.uk/id/Lexicon/NamedRockUnit/LIKB	http://data.bgs.ac.uk/id/Lexicon/Theme/BEDRCK
313	http://data.bgs.ac.uk/id/Lexicon/NamedRockUnit/WWS	http://data.bgs.ac.uk/id/Lexicon/Theme/BEDRCK
314	http://data.bgs.ac.uk/id/Lexicon/NamedRockUnit/GCCO	http://data.bgs.ac.uk/id/Lexicon/Theme/BEDRCK
315	http://data.bgs.ac.uk/id/Lexicon/NamedRockUnit/FSTS	http://data.bgs.ac.uk/id/Lexicon/Theme/BEDRCK
316	http://data.bgs.ac.uk/id/Lexicon/NamedRockUnit/STOHD	http://data.bgs.ac.uk/id/Lexicon/Theme/BEDRCK
317	http://data.bgs.ac.uk/id/Lexicon/NamedRockUnit/NAMA1	http://data.bgs.ac.uk/id/Lexicon/Theme/BEDRCK
318	http://data.bgs.ac.uk/id/Lexicon/NamedRockUnit/DLR	http://data.bgs.ac.uk/id/Lexicon/Theme/BEDRCK
319	http://data.bgs.ac.uk/id/Lexicon/NamedRockUnit/BEBH	http://data.bgs.ac.uk/id/Lexicon/Theme/BEDRCK
320	http://data.bgs.ac.uk/id/Lexicon/NamedRockUnit/CLOCL	http://data.bgs.ac.uk/id/Lexicon/Theme/SPRFCL
321	http://data.bgs.ac.uk/id/Lexicon/NamedRockUnit/BAYL	http://data.bgs.ac.uk/id/Lexicon/Theme/BEDRCK
322	http://data.bgs.ac.uk/id/Lexicon/NamedRockUnit/STMS	http://data.bgs.ac.uk/id/Lexicon/Theme/BEDRCK
323	http://data.bgs.ac.uk/id/Lexicon/NamedRockUnit/GCRIM	http://data.bgs.ac.uk/id/Lexicon/Theme/BEDRCK
324	http://data.bgs.ac.uk/id/Lexicon/NamedRockUnit/LEKI	http://data.bgs.ac.uk/id/Lexicon/Theme/BEDRCK
325	http://data.bgs.ac.uk/id/Lexicon/NamedRockUnit/COCM	http://data.bgs.ac.uk/id/Lexicon/Theme/BEDRCK
326	http://data.bgs.ac.uk/id/Lexicon/NamedRockUnit/REA	http://data.bgs.ac.uk/id/Lexicon/Theme/BEDRCK
327	http://data.bgs.ac.uk/id/Lexicon/NamedRockUnit/RMLY	http://data.bgs.ac.uk/id/Lexicon/Theme/SPRFCL
328	http://data.bgs.ac.uk/id/Lexicon/NamedRockUnit/TESH	http://data.bgs.ac.uk/id/Lexicon/Theme/BEDRCK
329	http://data.bgs.ac.uk/id/Lexicon/NamedRockUnit/SPC	http://data.bgs.ac.uk/id/Lexicon/Theme/BEDRCK
330	http://data.bgs.ac.uk/id/Lexicon/NamedRockUnit/FRIS	http://data.bgs.ac.uk/id/Lexicon/Theme/BEDRCK
331	http://data.bgs.ac.uk/id/Lexicon/NamedRockUnit/FAIR	http://data.bgs.ac.uk/id/Lexicon/Theme/BEDRCK
332	http://data.bgs.ac.uk/id/Lexicon/NamedRockUnit/BNCC	http://data.bgs.ac.uk/id/Lexicon/Theme/BEDRCK
333	http://data.bgs.ac.uk/id/Lexicon/NamedRockUnit/UCSS	http://data.bgs.ac.uk/id/Lexicon/Theme/BEDRCK
334	http://data.bgs.ac.uk/id/Lexicon/NamedRockUnit/TPLS	http://data.bgs.ac.uk/id/Lexicon/Theme/BEDRCK
335	http://data.bgs.ac.uk/id/Lexicon/NamedRockUnit/HMG	http://data.bgs.ac.uk/id/Lexicon/Theme/BEDRCK
336	http://data.bgs.ac.uk/id/Lexicon/NamedRockUnit/KV	http://data.bgs.ac.uk/id/Lexicon/Theme/BEDRCK
337	http://data.bgs.ac.uk/id/Lexicon/NamedRockUnit/GUCO	http://data.bgs.ac.uk/id/Lexicon/Theme/BEDRCK
338	http://data.bgs.ac.uk/id/Lexicon/NamedRockUnit/DPS	http://data.bgs.ac.uk/id/Lexicon/Theme/BEDRCK
339	http://data.bgs.ac.uk/id/Lexicon/NamedRockUnit/SILU	http://data.bgs.ac.uk/id/Lexicon/Theme/BEDRCK
340	http://data.bgs.ac.uk/id/Lexicon/NamedRockUnit/BGLM	http://data.bgs.ac.uk/id/Lexicon/Theme/BEDRCK
341	http://data.bgs.ac.uk/id/Lexicon/NamedRockUnit/MTS	http://data.bgs.ac.uk/id/Lexicon/Theme/BEDRCK
342	http://data.bgs.ac.uk/id/Lexicon/NamedRockUnit/TOOM	http://data.bgs.ac.uk/id/Lexicon/Theme/BEDRCK
343	http://data.bgs.ac.uk/id/Lexicon/NamedRockUnit/SUHG	http://data.bgs.ac.uk/id/Lexicon/Theme/SPRFCL
344	http://data.bgs.ac.uk/id/Lexicon/NamedRockUnit/LWMAS	http://data.bgs.ac.uk/id/Lexicon/Theme/SPRFCL
345	http://data.bgs.ac.uk/id/Lexicon/NamedRockUnit/BTMV	http://data.bgs.ac.uk/id/Lexicon/Theme/BEDRCK
346	http://data.bgs.ac.uk/id/Lexicon/NamedRockUnit/SHDER	http://data.bgs.ac.uk/id/Lexicon/Theme/BEDRCK
347	http://data.bgs.ac.uk/id/Lexicon/NamedRockUnit/TLEE	http://data.bgs.ac.uk/id/Lexicon/Theme/BEDRCK
348	http://data.bgs.ac.uk/id/Lexicon/NamedRockUnit/GFSDA	http://data.bgs.ac.uk/id/Lexicon/Theme/SPRFCL
349	http://data.bgs.ac.uk/id/Lexicon/NamedRockUnit/BALD	http://data.bgs.ac.uk/id/Lexicon/Theme/BEDRCK
350	http://data.bgs.ac.uk/id/Lexicon/NamedRockUnit/P22	http://data.bgs.ac.uk/id/Lexicon/Theme/BEDRCK
351	http://data.bgs.ac.uk/id/Lexicon/NamedRockUnit/BHVF	http://data.bgs.ac.uk/id/Lexicon/Theme/BEDRCK
352	http://data.bgs.ac.uk/id/Lexicon/NamedRockUnit/KILD	http://data.bgs.ac.uk/id/Lexicon/Theme/BEDRCK
353	http://data.bgs.ac.uk/id/Lexicon/NamedRockUnit/BSLTC	http://data.bgs.ac.uk/id/Lexicon/Theme/BEDRCK
354	http://data.bgs.ac.uk/id/Lexicon/NamedRockUnit/CCG	http://data.bgs.ac.uk/id/Lexicon/Theme/BEDRCK
355	http://data.bgs.ac.uk/id/Lexicon/NamedRockUnit/LHL	http://data.bgs.ac.uk/id/Lexicon/Theme/BEDRCK
356	http://data.bgs.ac.uk/id/Lexicon/NamedRockUnit/DMB	http://data.bgs.ac.uk/id/Lexicon/Theme/BEDRCK
357	http://data.bgs.ac.uk/id/Lexicon/NamedRockUnit/OXBC	http://data.bgs.ac.uk/id/Lexicon/Theme/BEDRCK
358	http://data.bgs.ac.uk/id/Lexicon/NamedRockUnit/OVENC	http://data.bgs.ac.uk/id/Lexicon/Theme/BEDRCK
359	http://data.bgs.ac.uk/id/Lexicon/NamedRockUnit/TEAS	http://data.bgs.ac.uk/id/Lexicon/Theme/BEDRCK
360	http://data.bgs.ac.uk/id/Lexicon/NamedRockUnit/LUNV	http://data.bgs.ac.uk/id/Lexicon/Theme/SPRFCL
361	http://data.bgs.ac.uk/id/Lexicon/NamedRockUnit/WAGT	http://data.bgs.ac.uk/id/Lexicon/Theme/BEDRCK
362	http://data.bgs.ac.uk/id/Lexicon/NamedRockUnit/LPGO	http://data.bgs.ac.uk/id/Lexicon/Theme/BEDRCK
363	http://data.bgs.ac.uk/id/Lexicon/NamedRockUnit/KERI	http://data.bgs.ac.uk/id/Lexicon/Theme/BEDRCK
364	http://data.bgs.ac.uk/id/Lexicon/NamedRockUnit/LGGI	http://data.bgs.ac.uk/id/Lexicon/Theme/BEDRCK
365	http://data.bgs.ac.uk/id/Lexicon/NamedRockUnit/GLTS	http://data.bgs.ac.uk/id/Lexicon/Theme/BEDRCK
366	http://data.bgs.ac.uk/id/Lexicon/NamedRockUnit/GAPS	http://data.bgs.ac.uk/id/Lexicon/Theme/BEDRCK
367	http://data.bgs.ac.uk/id/Lexicon/NamedRockUnit/KITU	http://data.bgs.ac.uk/id/Lexicon/Theme/BEDRCK
368	http://data.bgs.ac.uk/id/Lexicon/NamedRockUnit/RMD	http://data.bgs.ac.uk/id/Lexicon/Theme/SPRFCL
369	http://data.bgs.ac.uk/id/Lexicon/NamedRockUnit/RTL	http://data.bgs.ac.uk/id/Lexicon/Theme/SPRFCL
370	http://data.bgs.ac.uk/id/Lexicon/NamedRockUnit/GWL	http://data.bgs.ac.uk/id/Lexicon/Theme/BEDRCK
371	http://data.bgs.ac.uk/id/Lexicon/NamedRockUnit/WCB	http://data.bgs.ac.uk/id/Lexicon/Theme/BEDRCK
372	http://data.bgs.ac.uk/id/Lexicon/NamedRockUnit/PMSH	http://data.bgs.ac.uk/id/Lexicon/Theme/BEDRCK
373	http://data.bgs.ac.uk/id/Lexicon/NamedRockUnit/COCL	http://data.bgs.ac.uk/id/Lexicon/Theme/BEDRCK
374	http://data.bgs.ac.uk/id/Lexicon/NamedRockUnit/DBLW	http://data.bgs.ac.uk/id/Lexicon/Theme/BEDRCK
375	http://data.bgs.ac.uk/id/Lexicon/NamedRockUnit/AIL	http://data.bgs.ac.uk/id/Lexicon/Theme/BEDRCK
376	http://data.bgs.ac.uk/id/Lexicon/NamedRockUnit/DRBG	http://data.bgs.ac.uk/id/Lexicon/Theme/SPRFCL
377	http://data.bgs.ac.uk/id/Lexicon/NamedRockUnit/USI	http://data.bgs.ac.uk/id/Lexicon/Theme/SPRFCL
378	http://data.bgs.ac.uk/id/Lexicon/NamedRockUnit/WDCO	http://data.bgs.ac.uk/id/Lexicon/Theme/BEDRCK
379	http://data.bgs.ac.uk/id/Lexicon/NamedRockUnit/CGEL	http://data.bgs.ac.uk/id/Lexicon/Theme/SPRFCL
380	http://data.bgs.ac.uk/id/Lexicon/NamedRockUnit/KDM	http://data.bgs.ac.uk/id/Lexicon/Theme/BEDRCK
381	http://data.bgs.ac.uk/id/Lexicon/NamedRockUnit/NESA	http://data.bgs.ac.uk/id/Lexicon/Theme/BEDRCK
382	http://data.bgs.ac.uk/id/Lexicon/NamedRockUnit/EFFC	http://data.bgs.ac.uk/id/Lexicon/Theme/BEDRCK
383	http://data.bgs.ac.uk/id/Lexicon/NamedRockUnit/HHI	http://data.bgs.ac.uk/id/Lexicon/Theme/BEDRCK
384	http://data.bgs.ac.uk/id/Lexicon/NamedRockUnit/SPOT	http://data.bgs.ac.uk/id/Lexicon/Theme/BEDRCK
385	http://data.bgs.ac.uk/id/Lexicon/NamedRockUnit/ROHG	http://data.bgs.ac.uk/id/Lexicon/Theme/BEDRCK
386	http://data.bgs.ac.uk/id/Lexicon/NamedRockUnit/MANSE	http://data.bgs.ac.uk/id/Lexicon/Theme/SPRFCL
387	http://data.bgs.ac.uk/id/Lexicon/NamedRockUnit/SKYL	http://data.bgs.ac.uk/id/Lexicon/Theme/BEDRCK
388	http://data.bgs.ac.uk/id/Lexicon/NamedRockUnit/LDE2	http://data.bgs.ac.uk/id/Lexicon/Theme/SPRFCL
389	http://data.bgs.ac.uk/id/Lexicon/NamedRockUnit/LUG4	http://data.bgs.ac.uk/id/Lexicon/Theme/SPRFCL
390	http://data.bgs.ac.uk/id/Lexicon/NamedRockUnit/SBSM	http://data.bgs.ac.uk/id/Lexicon/Theme/BEDRCK
391	http://data.bgs.ac.uk/id/Lexicon/NamedRockUnit/UIPEC	http://data.bgs.ac.uk/id/Lexicon/Theme/BEDRCK
392	http://data.bgs.ac.uk/id/Lexicon/NamedRockUnit/MCLB	http://data.bgs.ac.uk/id/Lexicon/Theme/BEDRCK
393	http://data.bgs.ac.uk/id/Lexicon/NamedRockUnit/CH2L	http://data.bgs.ac.uk/id/Lexicon/Theme/BEDRCK
394	http://data.bgs.ac.uk/id/Lexicon/NamedRockUnit/CLFN	http://data.bgs.ac.uk/id/Lexicon/Theme/BEDRCK
395	http://data.bgs.ac.uk/id/Lexicon/NamedRockUnit/BALT	http://data.bgs.ac.uk/id/Lexicon/Theme/SPRFCL
396	http://data.bgs.ac.uk/id/Lexicon/NamedRockUnit/BALC	http://data.bgs.ac.uk/id/Lexicon/Theme/BEDRCK
397	http://data.bgs.ac.uk/id/Lexicon/NamedRockUnit/LEES	http://data.bgs.ac.uk/id/Lexicon/Theme/BEDRCK
398	http://data.bgs.ac.uk/id/Lexicon/NamedRockUnit/ANSH	http://data.bgs.ac.uk/id/Lexicon/Theme/BEDRCK
399	http://data.bgs.ac.uk/id/Lexicon/NamedRockUnit/GSCO	http://data.bgs.ac.uk/id/Lexicon/Theme/BEDRCK
400	http://data.bgs.ac.uk/id/Lexicon/NamedRockUnit/PNLS	http://data.bgs.ac.uk/id/Lexicon/Theme/BEDRCK
401	http://data.bgs.ac.uk/id/Lexicon/NamedRockUnit/DDC	http://data.bgs.ac.uk/id/Lexicon/Theme/BEDRCK
402	http://data.bgs.ac.uk/id/Lexicon/NamedRockUnit/ARTI	http://data.bgs.ac.uk/id/Lexicon/Theme/SPRFCL
403	http://data.bgs.ac.uk/id/Lexicon/NamedRockUnit/HTCO	http://data.bgs.ac.uk/id/Lexicon/Theme/BEDRCK
404	http://data.bgs.ac.uk/id/Lexicon/NamedRockUnit/TILL	http://data.bgs.ac.uk/id/Lexicon/Theme/SPRFCL
405	http://data.bgs.ac.uk/id/Lexicon/NamedRockUnit/SWINC	http://data.bgs.ac.uk/id/Lexicon/Theme/BEDRCK
406	http://data.bgs.ac.uk/id/Lexicon/NamedRockUnit/DE	http://data.bgs.ac.uk/id/Lexicon/Theme/BEDRCK
407	http://data.bgs.ac.uk/id/Lexicon/NamedRockUnit/DBAF	http://data.bgs.ac.uk/id/Lexicon/Theme/BEDRCK
408	http://data.bgs.ac.uk/id/Lexicon/NamedRockUnit/DAPS	http://data.bgs.ac.uk/id/Lexicon/Theme/BEDRCK
409	http://data.bgs.ac.uk/id/Lexicon/NamedRockUnit/RRS	http://data.bgs.ac.uk/id/Lexicon/Theme/BEDRCK
410	http://data.bgs.ac.uk/id/Lexicon/NamedRockUnit/AR2A	http://data.bgs.ac.uk/id/Lexicon/Theme/SPRFCL
411	http://data.bgs.ac.uk/id/Lexicon/NamedRockUnit/BAN	http://data.bgs.ac.uk/id/Lexicon/Theme/BEDRCK
412	http://data.bgs.ac.uk/id/Lexicon/NamedRockUnit/GES	http://data.bgs.ac.uk/id/Lexicon/Theme/BEDRCK
413	http://data.bgs.ac.uk/id/Lexicon/NamedRockUnit/LIMN	http://data.bgs.ac.uk/id/Lexicon/Theme/BEDRCK
414	http://data.bgs.ac.uk/id/Lexicon/NamedRockUnit/TOSM	http://data.bgs.ac.uk/id/Lexicon/Theme/BEDRCK
415	http://data.bgs.ac.uk/id/Lexicon/NamedRockUnit/GNNS	http://data.bgs.ac.uk/id/Lexicon/Theme/BEDRCK
416	http://data.bgs.ac.uk/id/Lexicon/NamedRockUnit/S4FT	http://data.bgs.ac.uk/id/Lexicon/Theme/BEDRCK
417	http://data.bgs.ac.uk/id/Lexicon/NamedRockUnit/PAT	http://data.bgs.ac.uk/id/Lexicon/Theme/BEDRCK
418	http://data.bgs.ac.uk/id/Lexicon/NamedRockUnit/WPLS	http://data.bgs.ac.uk/id/Lexicon/Theme/BEDRCK
419	http://data.bgs.ac.uk/id/Lexicon/NamedRockUnit/CRYH	http://data.bgs.ac.uk/id/Lexicon/Theme/BEDRCK
420	http://data.bgs.ac.uk/id/Lexicon/NamedRockUnit/CBBI	http://data.bgs.ac.uk/id/Lexicon/Theme/BEDRCK
421	http://data.bgs.ac.uk/id/Lexicon/NamedRockUnit/LNL	http://data.bgs.ac.uk/id/Lexicon/Theme/BEDRCK
422	http://data.bgs.ac.uk/id/Lexicon/NamedRockUnit/WR	http://data.bgs.ac.uk/id/Lexicon/Theme/BEDRCK
423	http://data.bgs.ac.uk/id/Lexicon/NamedRockUnit/VDG	http://data.bgs.ac.uk/id/Lexicon/Theme/BEDRCK
424	http://data.bgs.ac.uk/id/Lexicon/NamedRockUnit/GORM	http://data.bgs.ac.uk/id/Lexicon/Theme/BEDRCK
425	http://data.bgs.ac.uk/id/Lexicon/NamedRockUnit/NEED	http://data.bgs.ac.uk/id/Lexicon/Theme/BEDRCK
426	http://data.bgs.ac.uk/id/Lexicon/NamedRockUnit/BHSP	http://data.bgs.ac.uk/id/Lexicon/Theme/BEDRCK
427	http://data.bgs.ac.uk/id/Lexicon/NamedRockUnit/DABA	http://data.bgs.ac.uk/id/Lexicon/Theme/BEDRCK
428	http://data.bgs.ac.uk/id/Lexicon/NamedRockUnit/TASO	http://data.bgs.ac.uk/id/Lexicon/Theme/BEDRCK
429	http://data.bgs.ac.uk/id/Lexicon/NamedRockUnit/DLBL	http://data.bgs.ac.uk/id/Lexicon/Theme/BEDRCK
430	http://data.bgs.ac.uk/id/Lexicon/NamedRockUnit/DBBD	http://data.bgs.ac.uk/id/Lexicon/Theme/BEDRCK
431	http://data.bgs.ac.uk/id/Lexicon/NamedRockUnit/GUL	http://data.bgs.ac.uk/id/Lexicon/Theme/BEDRCK
432	http://data.bgs.ac.uk/id/Lexicon/NamedRockUnit/KKSI	http://data.bgs.ac.uk/id/Lexicon/Theme/SPRFCL
433	http://data.bgs.ac.uk/id/Lexicon/NamedRockUnit/THW	http://data.bgs.ac.uk/id/Lexicon/Theme/BEDRCK
434	http://data.bgs.ac.uk/id/Lexicon/NamedRockUnit/TCAS	http://data.bgs.ac.uk/id/Lexicon/Theme/BEDRCK
435	http://data.bgs.ac.uk/id/Lexicon/NamedRockUnit/GRW	http://data.bgs.ac.uk/id/Lexicon/Theme/BEDRCK
436	http://data.bgs.ac.uk/id/Lexicon/NamedRockUnit/UPS	http://data.bgs.ac.uk/id/Lexicon/Theme/BEDRCK
437	http://data.bgs.ac.uk/id/Lexicon/NamedRockUnit/BWG	http://data.bgs.ac.uk/id/Lexicon/Theme/BEDRCK
438	http://data.bgs.ac.uk/id/Lexicon/NamedRockUnit/CBNS2	http://data.bgs.ac.uk/id/Lexicon/Theme/BEDRCK
439	http://data.bgs.ac.uk/id/Lexicon/NamedRockUnit/RSIDE	http://data.bgs.ac.uk/id/Lexicon/Theme/BEDRCK
440	http://data.bgs.ac.uk/id/Lexicon/NamedRockUnit/CEPL	http://data.bgs.ac.uk/id/Lexicon/Theme/BEDRCK
441	http://data.bgs.ac.uk/id/Lexicon/NamedRockUnit/WHINS	http://data.bgs.ac.uk/id/Lexicon/Theme/BEDRCK
442	http://data.bgs.ac.uk/id/Lexicon/NamedRockUnit/BHMU	http://data.bgs.ac.uk/id/Lexicon/Theme/BEDRCK
443	http://data.bgs.ac.uk/id/Lexicon/NamedRockUnit/LRM	http://data.bgs.ac.uk/id/Lexicon/Theme/BEDRCK
444	http://data.bgs.ac.uk/id/Lexicon/NamedRockUnit/KTC	http://data.bgs.ac.uk/id/Lexicon/Theme/BEDRCK
445	http://data.bgs.ac.uk/id/Lexicon/NamedRockUnit/GHC	http://data.bgs.ac.uk/id/Lexicon/Theme/BEDRCK
446	http://data.bgs.ac.uk/id/Lexicon/NamedRockUnit/LDE1	http://data.bgs.ac.uk/id/Lexicon/Theme/SPRFCL
447	http://data.bgs.ac.uk/id/Lexicon/NamedRockUnit/PNHI	http://data.bgs.ac.uk/id/Lexicon/Theme/BEDRCK
448	http://data.bgs.ac.uk/id/Lexicon/NamedRockUnit/TMBL	http://data.bgs.ac.uk/id/Lexicon/Theme/BEDRCK
449	http://data.bgs.ac.uk/id/Lexicon/NamedRockUnit/WOEV	http://data.bgs.ac.uk/id/Lexicon/Theme/BEDRCK
450	http://data.bgs.ac.uk/id/Lexicon/NamedRockUnit/GST	http://data.bgs.ac.uk/id/Lexicon/Theme/SPRFCL
451	http://data.bgs.ac.uk/id/Lexicon/NamedRockUnit/MCYS	http://data.bgs.ac.uk/id/Lexicon/Theme/BEDRCK
452	http://data.bgs.ac.uk/id/Lexicon/NamedRockUnit/SGAOR	http://data.bgs.ac.uk/id/Lexicon/Theme/BEDRCK
453	http://data.bgs.ac.uk/id/Lexicon/NamedRockUnit/SSG	http://data.bgs.ac.uk/id/Lexicon/Theme/BEDRCK
454	http://data.bgs.ac.uk/id/Lexicon/NamedRockUnit/CLUAG	http://data.bgs.ac.uk/id/Lexicon/Theme/BEDRCK
455	http://data.bgs.ac.uk/id/Lexicon/NamedRockUnit/PMFE	http://data.bgs.ac.uk/id/Lexicon/Theme/BEDRCK
456	http://data.bgs.ac.uk/id/Lexicon/NamedRockUnit/HOV	http://data.bgs.ac.uk/id/Lexicon/Theme/BEDRCK
457	http://data.bgs.ac.uk/id/Lexicon/NamedRockUnit/BDSA	http://data.bgs.ac.uk/id/Lexicon/Theme/BEDRCK
458	http://data.bgs.ac.uk/id/Lexicon/NamedRockUnit/BTWM	http://data.bgs.ac.uk/id/Lexicon/Theme/BEDRCK
459	http://data.bgs.ac.uk/id/Lexicon/NamedRockUnit/LHBL	http://data.bgs.ac.uk/id/Lexicon/Theme/BEDRCK
460	http://data.bgs.ac.uk/id/Lexicon/NamedRockUnit/G1A1	http://data.bgs.ac.uk/id/Lexicon/Theme/BEDRCK
461	http://data.bgs.ac.uk/id/Lexicon/NamedRockUnit/AUK	http://data.bgs.ac.uk/id/Lexicon/Theme/BEDRCK
462	http://data.bgs.ac.uk/id/Lexicon/NamedRockUnit/LEAM	http://data.bgs.ac.uk/id/Lexicon/Theme/BEDRCK
463	http://data.bgs.ac.uk/id/Lexicon/NamedRockUnit/TPMS	http://data.bgs.ac.uk/id/Lexicon/Theme/BEDRCK
464	http://data.bgs.ac.uk/id/Lexicon/NamedRockUnit/HML	http://data.bgs.ac.uk/id/Lexicon/Theme/BEDRCK
465	http://data.bgs.ac.uk/id/Lexicon/NamedRockUnit/RIL	http://data.bgs.ac.uk/id/Lexicon/Theme/BEDRCK
466	http://data.bgs.ac.uk/id/Lexicon/NamedRockUnit/HHCO	http://data.bgs.ac.uk/id/Lexicon/Theme/BEDRCK
467	http://data.bgs.ac.uk/id/Lexicon/NamedRockUnit/CRAU	http://data.bgs.ac.uk/id/Lexicon/Theme/BEDRCK
468	http://data.bgs.ac.uk/id/Lexicon/NamedRockUnit/TRSD	http://data.bgs.ac.uk/id/Lexicon/Theme/BEDRCK
469	http://data.bgs.ac.uk/id/Lexicon/NamedRockUnit/CHSI	http://data.bgs.ac.uk/id/Lexicon/Theme/BEDRCK
470	http://data.bgs.ac.uk/id/Lexicon/NamedRockUnit/SOU	http://data.bgs.ac.uk/id/Lexicon/Theme/BEDRCK
471	http://data.bgs.ac.uk/id/Lexicon/NamedRockUnit/CGTU	http://data.bgs.ac.uk/id/Lexicon/Theme/BEDRCK
472	http://data.bgs.ac.uk/id/Lexicon/NamedRockUnit/LOGR2	http://data.bgs.ac.uk/id/Lexicon/Theme/BEDRCK
473	http://data.bgs.ac.uk/id/Lexicon/NamedRockUnit/ESA	http://data.bgs.ac.uk/id/Lexicon/Theme/BEDRCK
474	http://data.bgs.ac.uk/id/Lexicon/NamedRockUnit/BOM	http://data.bgs.ac.uk/id/Lexicon/Theme/BEDRCK
475	http://data.bgs.ac.uk/id/Lexicon/NamedRockUnit/BLYB	http://data.bgs.ac.uk/id/Lexicon/Theme/BEDRCK
476	http://data.bgs.ac.uk/id/Lexicon/NamedRockUnit/MYCO	http://data.bgs.ac.uk/id/Lexicon/Theme/BEDRCK
477	http://data.bgs.ac.uk/id/Lexicon/NamedRockUnit/P38	http://data.bgs.ac.uk/id/Lexicon/Theme/BEDRCK
478	http://data.bgs.ac.uk/id/Lexicon/NamedRockUnit/PVR	http://data.bgs.ac.uk/id/Lexicon/Theme/BEDRCK
479	http://data.bgs.ac.uk/id/Lexicon/NamedRockUnit/WNML	http://data.bgs.ac.uk/id/Lexicon/Theme/BEDRCK
480	http://data.bgs.ac.uk/id/Lexicon/NamedRockUnit/RDD	http://data.bgs.ac.uk/id/Lexicon/Theme/BEDRCK
481	http://data.bgs.ac.uk/id/Lexicon/NamedRockUnit/BELB	http://data.bgs.ac.uk/id/Lexicon/Theme/BEDRCK
482	http://data.bgs.ac.uk/id/Lexicon/NamedRockUnit/HWLA	http://data.bgs.ac.uk/id/Lexicon/Theme/BEDRCK
483	http://data.bgs.ac.uk/id/Lexicon/NamedRockUnit/OPSC	http://data.bgs.ac.uk/id/Lexicon/Theme/BEDRCK
484	http://data.bgs.ac.uk/id/Lexicon/NamedRockUnit/GIBH	http://data.bgs.ac.uk/id/Lexicon/Theme/BEDRCK
485	http://data.bgs.ac.uk/id/Lexicon/NamedRockUnit/MA10	http://data.bgs.ac.uk/id/Lexicon/Theme/BEDRCK
486	http://data.bgs.ac.uk/id/Lexicon/NamedRockUnit/AUDR	http://data.bgs.ac.uk/id/Lexicon/Theme/BEDRCK
487	http://data.bgs.ac.uk/id/Lexicon/NamedRockUnit/RUCO	http://data.bgs.ac.uk/id/Lexicon/Theme/BEDRCK
488	http://data.bgs.ac.uk/id/Lexicon/NamedRockUnit/BONC	http://data.bgs.ac.uk/id/Lexicon/Theme/BEDRCK
489	http://data.bgs.ac.uk/id/Lexicon/NamedRockUnit/SFG	http://data.bgs.ac.uk/id/Lexicon/Theme/BEDRCK
490	http://data.bgs.ac.uk/id/Lexicon/NamedRockUnit/BECB	http://data.bgs.ac.uk/id/Lexicon/Theme/BEDRCK
491	http://data.bgs.ac.uk/id/Lexicon/NamedRockUnit/CROL	http://data.bgs.ac.uk/id/Lexicon/Theme/BEDRCK
492	http://data.bgs.ac.uk/id/Lexicon/NamedRockUnit/ADEEN	http://data.bgs.ac.uk/id/Lexicon/Theme/BEDRCK
493	http://data.bgs.ac.uk/id/Lexicon/NamedRockUnit/NEHE	http://data.bgs.ac.uk/id/Lexicon/Theme/BEDRCK
494	http://data.bgs.ac.uk/id/Lexicon/NamedRockUnit/GEM	http://data.bgs.ac.uk/id/Lexicon/Theme/BEDRCK
495	http://data.bgs.ac.uk/id/Lexicon/NamedRockUnit/BOLD	http://data.bgs.ac.uk/id/Lexicon/Theme/BEDRCK
496	http://data.bgs.ac.uk/id/Lexicon/NamedRockUnit/UM	http://data.bgs.ac.uk/id/Lexicon/Theme/BEDRCK
497	http://data.bgs.ac.uk/id/Lexicon/NamedRockUnit/SKIP	http://data.bgs.ac.uk/id/Lexicon/Theme/BEDRCK
498	http://data.bgs.ac.uk/id/Lexicon/NamedRockUnit/EMA	http://data.bgs.ac.uk/id/Lexicon/Theme/BEDRCK
499	http://data.bgs.ac.uk/id/Lexicon/NamedRockUnit/SCHD	http://data.bgs.ac.uk/id/Lexicon/Theme/BEDRCK
500	http://data.bgs.ac.uk/id/Lexicon/NamedRockUnit/N6	http://data.bgs.ac.uk/id/Lexicon/Theme/BEDRCK
501	http://data.bgs.ac.uk/id/Lexicon/NamedRockUnit/BLSC	http://data.bgs.ac.uk/id/Lexicon/Theme/BEDRCK
502	http://data.bgs.ac.uk/id/Lexicon/NamedRockUnit/CAST	http://data.bgs.ac.uk/id/Lexicon/Theme/BEDRCK
503	http://data.bgs.ac.uk/id/Lexicon/NamedRockUnit/HMMB	http://data.bgs.ac.uk/id/Lexicon/Theme/BEDRCK
504	http://data.bgs.ac.uk/id/Lexicon/NamedRockUnit/FHFL	http://data.bgs.ac.uk/id/Lexicon/Theme/BEDRCK
505	http://data.bgs.ac.uk/id/Lexicon/NamedRockUnit/PMMB	http://data.bgs.ac.uk/id/Lexicon/Theme/BEDRCK
506	http://data.bgs.ac.uk/id/Lexicon/NamedRockUnit/LCHL	http://data.bgs.ac.uk/id/Lexicon/Theme/BEDRCK
507	http://data.bgs.ac.uk/id/Lexicon/NamedRockUnit/MA8	http://data.bgs.ac.uk/id/Lexicon/Theme/BEDRCK
508	http://data.bgs.ac.uk/id/Lexicon/NamedRockUnit/SCPA	http://data.bgs.ac.uk/id/Lexicon/Theme/BEDRCK
509	http://data.bgs.ac.uk/id/Lexicon/NamedRockUnit/CTE	http://data.bgs.ac.uk/id/Lexicon/Theme/BEDRCK
510	http://data.bgs.ac.uk/id/Lexicon/NamedRockUnit/DRST	http://data.bgs.ac.uk/id/Lexicon/Theme/BEDRCK
511	http://data.bgs.ac.uk/id/Lexicon/NamedRockUnit/DUA	http://data.bgs.ac.uk/id/Lexicon/Theme/BEDRCK
512	http://data.bgs.ac.uk/id/Lexicon/NamedRockUnit/KL2	http://data.bgs.ac.uk/id/Lexicon/Theme/BEDRCK
513	http://data.bgs.ac.uk/id/Lexicon/NamedRockUnit/BHFL	http://data.bgs.ac.uk/id/Lexicon/Theme/BEDRCK
514	http://data.bgs.ac.uk/id/Lexicon/NamedRockUnit/USLB	http://data.bgs.ac.uk/id/Lexicon/Theme/BEDRCK
515	http://data.bgs.ac.uk/id/Lexicon/NamedRockUnit/PAB	http://data.bgs.ac.uk/id/Lexicon/Theme/BEDRCK
516	http://data.bgs.ac.uk/id/Lexicon/NamedRockUnit/CBFL	http://data.bgs.ac.uk/id/Lexicon/Theme/BEDRCK
517	http://data.bgs.ac.uk/id/Lexicon/NamedRockUnit/MEGRU	http://data.bgs.ac.uk/id/Lexicon/Theme/BEDRCK
518	http://data.bgs.ac.uk/id/Lexicon/NamedRockUnit/BBSL	http://data.bgs.ac.uk/id/Lexicon/Theme/BEDRCK
519	http://data.bgs.ac.uk/id/Lexicon/NamedRockUnit/Q1MVS	http://data.bgs.ac.uk/id/Lexicon/Theme/SPRFCL
520	http://data.bgs.ac.uk/id/Lexicon/NamedRockUnit/PNLI	http://data.bgs.ac.uk/id/Lexicon/Theme/BEDRCK
521	http://data.bgs.ac.uk/id/Lexicon/NamedRockUnit/PCS	http://data.bgs.ac.uk/id/Lexicon/Theme/SPRFCL
522	http://data.bgs.ac.uk/id/Lexicon/NamedRockUnit/SETQ	http://data.bgs.ac.uk/id/Lexicon/Theme/BEDRCK
523	http://data.bgs.ac.uk/id/Lexicon/NamedRockUnit/JRSF	http://data.bgs.ac.uk/id/Lexicon/Theme/BEDRCK
524	http://data.bgs.ac.uk/id/Lexicon/NamedRockUnit/GFSCD	http://data.bgs.ac.uk/id/Lexicon/Theme/SPRFCL
525	http://data.bgs.ac.uk/id/Lexicon/NamedRockUnit/GLRL	http://data.bgs.ac.uk/id/Lexicon/Theme/BEDRCK
526	http://data.bgs.ac.uk/id/Lexicon/NamedRockUnit/ONMA	http://data.bgs.ac.uk/id/Lexicon/Theme/BEDRCK
527	http://data.bgs.ac.uk/id/Lexicon/NamedRockUnit/NORG	http://data.bgs.ac.uk/id/Lexicon/Theme/BEDRCK
528	http://data.bgs.ac.uk/id/Lexicon/NamedRockUnit/UDD	http://data.bgs.ac.uk/id/Lexicon/Theme/BEDRCK
529	http://data.bgs.ac.uk/id/Lexicon/NamedRockUnit/COCI	http://data.bgs.ac.uk/id/Lexicon/Theme/BEDRCK
530	http://data.bgs.ac.uk/id/Lexicon/NamedRockUnit/HYB	http://data.bgs.ac.uk/id/Lexicon/Theme/BEDRCK
531	http://data.bgs.ac.uk/id/Lexicon/NamedRockUnit/BNGS	http://data.bgs.ac.uk/id/Lexicon/Theme/BEDRCK
532	http://data.bgs.ac.uk/id/Lexicon/NamedRockUnit/WIVY	http://data.bgs.ac.uk/id/Lexicon/Theme/SPRFCL
533	http://data.bgs.ac.uk/id/Lexicon/NamedRockUnit/REHW6	http://data.bgs.ac.uk/id/Lexicon/Theme/BEDRCK
534	http://data.bgs.ac.uk/id/Lexicon/NamedRockUnit/CCS	http://data.bgs.ac.uk/id/Lexicon/Theme/BEDRCK
535	http://data.bgs.ac.uk/id/Lexicon/NamedRockUnit/DARL	http://data.bgs.ac.uk/id/Lexicon/Theme/BEDRCK
536	http://data.bgs.ac.uk/id/Lexicon/NamedRockUnit/N0	http://data.bgs.ac.uk/id/Lexicon/Theme/BEDRCK
537	http://data.bgs.ac.uk/id/Lexicon/NamedRockUnit/CUD	http://data.bgs.ac.uk/id/Lexicon/Theme/BEDRCK
538	http://data.bgs.ac.uk/id/Lexicon/NamedRockUnit/BBLB	http://data.bgs.ac.uk/id/Lexicon/Theme/BEDRCK
539	http://data.bgs.ac.uk/id/Lexicon/NamedRockUnit/BRW	http://data.bgs.ac.uk/id/Lexicon/Theme/BEDRCK
540	http://data.bgs.ac.uk/id/Lexicon/NamedRockUnit/RIDC	http://data.bgs.ac.uk/id/Lexicon/Theme/BEDRCK
541	http://data.bgs.ac.uk/id/Lexicon/NamedRockUnit/SRGA	http://data.bgs.ac.uk/id/Lexicon/Theme/BEDRCK
542	http://data.bgs.ac.uk/id/Lexicon/NamedRockUnit/MRM	http://data.bgs.ac.uk/id/Lexicon/Theme/BEDRCK
543	http://data.bgs.ac.uk/id/Lexicon/NamedRockUnit/BTMC	http://data.bgs.ac.uk/id/Lexicon/Theme/BEDRCK
544	http://data.bgs.ac.uk/id/Lexicon/NamedRockUnit/MCBT	http://data.bgs.ac.uk/id/Lexicon/Theme/BEDRCK
545	http://data.bgs.ac.uk/id/Lexicon/NamedRockUnit/ELL	http://data.bgs.ac.uk/id/Lexicon/Theme/BEDRCK
546	http://data.bgs.ac.uk/id/Lexicon/NamedRockUnit/WEGN	http://data.bgs.ac.uk/id/Lexicon/Theme/BEDRCK
547	http://data.bgs.ac.uk/id/Lexicon/NamedRockUnit/RSX	http://data.bgs.ac.uk/id/Lexicon/Theme/SPRFCL
548	http://data.bgs.ac.uk/id/Lexicon/NamedRockUnit/HARDY	http://data.bgs.ac.uk/id/Lexicon/Theme/BEDRCK
549	http://data.bgs.ac.uk/id/Lexicon/NamedRockUnit/ANITE	http://data.bgs.ac.uk/id/Lexicon/Theme/BEDRCK
550	http://data.bgs.ac.uk/id/Lexicon/NamedRockUnit/PUSSG	http://data.bgs.ac.uk/id/Lexicon/Theme/BEDRCK
551	http://data.bgs.ac.uk/id/Lexicon/NamedRockUnit/SAH	http://data.bgs.ac.uk/id/Lexicon/Theme/BEDRCK
552	http://data.bgs.ac.uk/id/Lexicon/NamedRockUnit/GCOEQ	http://data.bgs.ac.uk/id/Lexicon/Theme/BEDRCK
553	http://data.bgs.ac.uk/id/Lexicon/NamedRockUnit/CFU	http://data.bgs.ac.uk/id/Lexicon/Theme/BEDRCK
554	http://data.bgs.ac.uk/id/Lexicon/NamedRockUnit/SEEI	http://data.bgs.ac.uk/id/Lexicon/Theme/BEDRCK
555	http://data.bgs.ac.uk/id/Lexicon/NamedRockUnit/ARPG	http://data.bgs.ac.uk/id/Lexicon/Theme/BEDRCK
556	http://data.bgs.ac.uk/id/Lexicon/NamedRockUnit/DBTS	http://data.bgs.ac.uk/id/Lexicon/Theme/BEDRCK
557	http://data.bgs.ac.uk/id/Lexicon/NamedRockUnit/BIRT	http://data.bgs.ac.uk/id/Lexicon/Theme/BEDRCK
558	http://data.bgs.ac.uk/id/Lexicon/NamedRockUnit/Q1DU	http://data.bgs.ac.uk/id/Lexicon/Theme/SPRFCL
559	http://data.bgs.ac.uk/id/Lexicon/NamedRockUnit/UKBC	http://data.bgs.ac.uk/id/Lexicon/Theme/BEDRCK
560	http://data.bgs.ac.uk/id/Lexicon/NamedRockUnit/HTONL	http://data.bgs.ac.uk/id/Lexicon/Theme/BEDRCK
561	http://data.bgs.ac.uk/id/Lexicon/NamedRockUnit/SPHT	http://data.bgs.ac.uk/id/Lexicon/Theme/SPRFCL
562	http://data.bgs.ac.uk/id/Lexicon/NamedRockUnit/REHE1	http://data.bgs.ac.uk/id/Lexicon/Theme/BEDRCK
563	http://data.bgs.ac.uk/id/Lexicon/NamedRockUnit/DTYC	http://data.bgs.ac.uk/id/Lexicon/Theme/BEDRCK
564	http://data.bgs.ac.uk/id/Lexicon/NamedRockUnit/RMDV	http://data.bgs.ac.uk/id/Lexicon/Theme/SPRFCL
565	http://data.bgs.ac.uk/id/Lexicon/NamedRockUnit/CLHG	http://data.bgs.ac.uk/id/Lexicon/Theme/BEDRCK
566	http://data.bgs.ac.uk/id/Lexicon/NamedRockUnit/KMUB	http://data.bgs.ac.uk/id/Lexicon/Theme/BEDRCK
567	http://data.bgs.ac.uk/id/Lexicon/NamedRockUnit/DOUG	http://data.bgs.ac.uk/id/Lexicon/Theme/BEDRCK
568	http://data.bgs.ac.uk/id/Lexicon/NamedRockUnit/PSNB	http://data.bgs.ac.uk/id/Lexicon/Theme/BEDRCK
569	http://data.bgs.ac.uk/id/Lexicon/NamedRockUnit/ED	http://data.bgs.ac.uk/id/Lexicon/Theme/BEDRCK
570	http://data.bgs.ac.uk/id/Lexicon/NamedRockUnit/POOL	http://data.bgs.ac.uk/id/Lexicon/Theme/BEDRCK
571	http://data.bgs.ac.uk/id/Lexicon/NamedRockUnit/PEJU	http://data.bgs.ac.uk/id/Lexicon/Theme/BEDRCK
572	http://data.bgs.ac.uk/id/Lexicon/NamedRockUnit/HGS	http://data.bgs.ac.uk/id/Lexicon/Theme/BEDRCK
573	http://data.bgs.ac.uk/id/Lexicon/NamedRockUnit/CBD	http://data.bgs.ac.uk/id/Lexicon/Theme/BEDRCK
574	http://data.bgs.ac.uk/id/Lexicon/NamedRockUnit/SEEL	http://data.bgs.ac.uk/id/Lexicon/Theme/BEDRCK
575	http://data.bgs.ac.uk/id/Lexicon/NamedRockUnit/MFLF	http://data.bgs.ac.uk/id/Lexicon/Theme/BEDRCK
576	http://data.bgs.ac.uk/id/Lexicon/NamedRockUnit/R2A1	http://data.bgs.ac.uk/id/Lexicon/Theme/BEDRCK
577	http://data.bgs.ac.uk/id/Lexicon/NamedRockUnit/REDQ	http://data.bgs.ac.uk/id/Lexicon/Theme/BEDRCK
578	http://data.bgs.ac.uk/id/Lexicon/NamedRockUnit/GFSG	http://data.bgs.ac.uk/id/Lexicon/Theme/SPRFCL
579	http://data.bgs.ac.uk/id/Lexicon/NamedRockUnit/SWDL	http://data.bgs.ac.uk/id/Lexicon/Theme/BEDRCK
580	http://data.bgs.ac.uk/id/Lexicon/NamedRockUnit/PBS	http://data.bgs.ac.uk/id/Lexicon/Theme/BEDRCK
581	http://data.bgs.ac.uk/id/Lexicon/NamedRockUnit/ALLC	http://data.bgs.ac.uk/id/Lexicon/Theme/BEDRCK
582	http://data.bgs.ac.uk/id/Lexicon/NamedRockUnit/SEVN	http://data.bgs.ac.uk/id/Lexicon/Theme/SPRFCL
583	http://data.bgs.ac.uk/id/Lexicon/NamedRockUnit/CASO	http://data.bgs.ac.uk/id/Lexicon/Theme/BEDRCK
584	http://data.bgs.ac.uk/id/Lexicon/NamedRockUnit/LEAP	http://data.bgs.ac.uk/id/Lexicon/Theme/BEDRCK
585	http://data.bgs.ac.uk/id/Lexicon/NamedRockUnit/HMB	http://data.bgs.ac.uk/id/Lexicon/Theme/BEDRCK
586	http://data.bgs.ac.uk/id/Lexicon/NamedRockUnit/POMA	http://data.bgs.ac.uk/id/Lexicon/Theme/BEDRCK
587	http://data.bgs.ac.uk/id/Lexicon/NamedRockUnit/FLH	http://data.bgs.ac.uk/id/Lexicon/Theme/BEDRCK
588	http://data.bgs.ac.uk/id/Lexicon/NamedRockUnit/UDC	http://data.bgs.ac.uk/id/Lexicon/Theme/BEDRCK
589	http://data.bgs.ac.uk/id/Lexicon/NamedRockUnit/NETY	http://data.bgs.ac.uk/id/Lexicon/Theme/BEDRCK
590	http://data.bgs.ac.uk/id/Lexicon/NamedRockUnit/UQCB	http://data.bgs.ac.uk/id/Lexicon/Theme/BEDRCK
591	http://data.bgs.ac.uk/id/Lexicon/NamedRockUnit/MNC	http://data.bgs.ac.uk/id/Lexicon/Theme/BEDRCK
592	http://data.bgs.ac.uk/id/Lexicon/NamedRockUnit/MABP	http://data.bgs.ac.uk/id/Lexicon/Theme/BEDRCK
593	http://data.bgs.ac.uk/id/Lexicon/NamedRockUnit/AILC	http://data.bgs.ac.uk/id/Lexicon/Theme/BEDRCK
594	http://data.bgs.ac.uk/id/Lexicon/NamedRockUnit/NCAMP	http://data.bgs.ac.uk/id/Lexicon/Theme/BEDRCK
595	http://data.bgs.ac.uk/id/Lexicon/NamedRockUnit/BOTH	http://data.bgs.ac.uk/id/Lexicon/Theme/BEDRCK
596	http://data.bgs.ac.uk/id/Lexicon/NamedRockUnit/KINGC	http://data.bgs.ac.uk/id/Lexicon/Theme/BEDRCK
597	http://data.bgs.ac.uk/id/Lexicon/NamedRockUnit/TAYCA	http://data.bgs.ac.uk/id/Lexicon/Theme/SPRFCL
598	http://data.bgs.ac.uk/id/Lexicon/NamedRockUnit/HBEL	http://data.bgs.ac.uk/id/Lexicon/Theme/BEDRCK
599	http://data.bgs.ac.uk/id/Lexicon/NamedRockUnit/SYS	http://data.bgs.ac.uk/id/Lexicon/Theme/BEDRCK
600	http://data.bgs.ac.uk/id/Lexicon/NamedRockUnit/RLW1	http://data.bgs.ac.uk/id/Lexicon/Theme/BEDRCK
601	http://data.bgs.ac.uk/id/Lexicon/NamedRockUnit/GVB	http://data.bgs.ac.uk/id/Lexicon/Theme/BEDRCK
602	http://data.bgs.ac.uk/id/Lexicon/NamedRockUnit/SFT	http://data.bgs.ac.uk/id/Lexicon/Theme/BEDRCK
603	http://data.bgs.ac.uk/id/Lexicon/NamedRockUnit/PLIO	http://data.bgs.ac.uk/id/Lexicon/Theme/BEDRCK
604	http://data.bgs.ac.uk/id/Lexicon/NamedRockUnit/BLDG	http://data.bgs.ac.uk/id/Lexicon/Theme/BEDRCK
605	http://data.bgs.ac.uk/id/Lexicon/NamedRockUnit/DBKH	http://data.bgs.ac.uk/id/Lexicon/Theme/BEDRCK
606	http://data.bgs.ac.uk/id/Lexicon/NamedRockUnit/SPCH	http://data.bgs.ac.uk/id/Lexicon/Theme/BEDRCK
607	http://data.bgs.ac.uk/id/Lexicon/NamedRockUnit/ASHI	http://data.bgs.ac.uk/id/Lexicon/Theme/BEDRCK
608	http://data.bgs.ac.uk/id/Lexicon/NamedRockUnit/PVL	http://data.bgs.ac.uk/id/Lexicon/Theme/BEDRCK
609	http://data.bgs.ac.uk/id/Lexicon/NamedRockUnit/BPN	http://data.bgs.ac.uk/id/Lexicon/Theme/BEDRCK
610	http://data.bgs.ac.uk/id/Lexicon/NamedRockUnit/GAWC	http://data.bgs.ac.uk/id/Lexicon/Theme/BEDRCK
611	http://data.bgs.ac.uk/id/Lexicon/NamedRockUnit/LADD	http://data.bgs.ac.uk/id/Lexicon/Theme/SPRFCL
612	http://data.bgs.ac.uk/id/Lexicon/NamedRockUnit/ABGS	http://data.bgs.ac.uk/id/Lexicon/Theme/BEDRCK
613	http://data.bgs.ac.uk/id/Lexicon/NamedRockUnit/ME1	http://data.bgs.ac.uk/id/Lexicon/Theme/SPRFCL
614	http://data.bgs.ac.uk/id/Lexicon/NamedRockUnit/PTMB	http://data.bgs.ac.uk/id/Lexicon/Theme/BEDRCK
615	http://data.bgs.ac.uk/id/Lexicon/NamedRockUnit/LFSC	http://data.bgs.ac.uk/id/Lexicon/Theme/SPRFCL
616	http://data.bgs.ac.uk/id/Lexicon/NamedRockUnit/GRLT	http://data.bgs.ac.uk/id/Lexicon/Theme/BEDRCK
617	http://data.bgs.ac.uk/id/Lexicon/NamedRockUnit/REBU	http://data.bgs.ac.uk/id/Lexicon/Theme/SPRFCL
618	http://data.bgs.ac.uk/id/Lexicon/NamedRockUnit/ARES	http://data.bgs.ac.uk/id/Lexicon/Theme/BEDRCK
619	http://data.bgs.ac.uk/id/Lexicon/NamedRockUnit/AGP	http://data.bgs.ac.uk/id/Lexicon/Theme/BEDRCK
620	http://data.bgs.ac.uk/id/Lexicon/NamedRockUnit/BLCV	http://data.bgs.ac.uk/id/Lexicon/Theme/BEDRCK
621	http://data.bgs.ac.uk/id/Lexicon/NamedRockUnit/CLCG	http://data.bgs.ac.uk/id/Lexicon/Theme/BEDRCK
622	http://data.bgs.ac.uk/id/Lexicon/NamedRockUnit/RE	http://data.bgs.ac.uk/id/Lexicon/Theme/BEDRCK
623	http://data.bgs.ac.uk/id/Lexicon/NamedRockUnit/SGR	http://data.bgs.ac.uk/id/Lexicon/Theme/BEDRCK
624	http://data.bgs.ac.uk/id/Lexicon/NamedRockUnit/UKC	http://data.bgs.ac.uk/id/Lexicon/Theme/BEDRCK
625	http://data.bgs.ac.uk/id/Lexicon/NamedRockUnit/WOY	http://data.bgs.ac.uk/id/Lexicon/Theme/BEDRCK
626	http://data.bgs.ac.uk/id/Lexicon/NamedRockUnit/DO	http://data.bgs.ac.uk/id/Lexicon/Theme/BEDRCK
627	http://data.bgs.ac.uk/id/Lexicon/NamedRockUnit/MGSA	http://data.bgs.ac.uk/id/Lexicon/Theme/BEDRCK
628	http://data.bgs.ac.uk/id/Lexicon/NamedRockUnit/PCB	http://data.bgs.ac.uk/id/Lexicon/Theme/BEDRCK
629	http://data.bgs.ac.uk/id/Lexicon/NamedRockUnit/STAD	http://data.bgs.ac.uk/id/Lexicon/Theme/BEDRCK
630	http://data.bgs.ac.uk/id/Lexicon/NamedRockUnit/RTSG	http://data.bgs.ac.uk/id/Lexicon/Theme/SPRFCL
631	http://data.bgs.ac.uk/id/Lexicon/NamedRockUnit/NTM3	http://data.bgs.ac.uk/id/Lexicon/Theme/BEDRCK
632	http://data.bgs.ac.uk/id/Lexicon/NamedRockUnit/FOST	http://data.bgs.ac.uk/id/Lexicon/Theme/BEDRCK
633	http://data.bgs.ac.uk/id/Lexicon/NamedRockUnit/LIA	http://data.bgs.ac.uk/id/Lexicon/Theme/BEDRCK
634	http://data.bgs.ac.uk/id/Lexicon/NamedRockUnit/HAW	http://data.bgs.ac.uk/id/Lexicon/Theme/BEDRCK
635	http://data.bgs.ac.uk/id/Lexicon/NamedRockUnit/SBC	http://data.bgs.ac.uk/id/Lexicon/Theme/SPRFCL
636	http://data.bgs.ac.uk/id/Lexicon/NamedRockUnit/FMLS	http://data.bgs.ac.uk/id/Lexicon/Theme/BEDRCK
637	http://data.bgs.ac.uk/id/Lexicon/NamedRockUnit/WGDF	http://data.bgs.ac.uk/id/Lexicon/Theme/SPRFCL
638	http://data.bgs.ac.uk/id/Lexicon/NamedRockUnit/URM	http://data.bgs.ac.uk/id/Lexicon/Theme/BEDRCK
639	http://data.bgs.ac.uk/id/Lexicon/NamedRockUnit/LOBT	http://data.bgs.ac.uk/id/Lexicon/Theme/BEDRCK
640	http://data.bgs.ac.uk/id/Lexicon/NamedRockUnit/OKSG	http://data.bgs.ac.uk/id/Lexicon/Theme/SPRFCL
641	http://data.bgs.ac.uk/id/Lexicon/NamedRockUnit/CDHP	http://data.bgs.ac.uk/id/Lexicon/Theme/BEDRCK
642	http://data.bgs.ac.uk/id/Lexicon/NamedRockUnit/KNLM	http://data.bgs.ac.uk/id/Lexicon/Theme/BEDRCK
643	http://data.bgs.ac.uk/id/Lexicon/NamedRockUnit/BUAL	http://data.bgs.ac.uk/id/Lexicon/Theme/BEDRCK
644	http://data.bgs.ac.uk/id/Lexicon/NamedRockUnit/GMAU	http://data.bgs.ac.uk/id/Lexicon/Theme/BEDRCK
645	http://data.bgs.ac.uk/id/Lexicon/NamedRockUnit/WRSP	http://data.bgs.ac.uk/id/Lexicon/Theme/BEDRCK
646	http://data.bgs.ac.uk/id/Lexicon/NamedRockUnit/UFXL	http://data.bgs.ac.uk/id/Lexicon/Theme/BEDRCK
647	http://data.bgs.ac.uk/id/Lexicon/NamedRockUnit/NYG	http://data.bgs.ac.uk/id/Lexicon/Theme/BEDRCK
648	http://data.bgs.ac.uk/id/Lexicon/NamedRockUnit/WTC	http://data.bgs.ac.uk/id/Lexicon/Theme/BEDRCK
649	http://data.bgs.ac.uk/id/Lexicon/NamedRockUnit/PTHL	http://data.bgs.ac.uk/id/Lexicon/Theme/BEDRCK
650	http://data.bgs.ac.uk/id/Lexicon/NamedRockUnit/BRBU	http://data.bgs.ac.uk/id/Lexicon/Theme/SPRFCL
651	http://data.bgs.ac.uk/id/Lexicon/NamedRockUnit/B2WC	http://data.bgs.ac.uk/id/Lexicon/Theme/BEDRCK
652	http://data.bgs.ac.uk/id/Lexicon/NamedRockUnit/ER	http://data.bgs.ac.uk/id/Lexicon/Theme/BEDRCK
653	http://data.bgs.ac.uk/id/Lexicon/NamedRockUnit/LOSE	http://data.bgs.ac.uk/id/Lexicon/Theme/BEDRCK
654	http://data.bgs.ac.uk/id/Lexicon/NamedRockUnit/MFD	http://data.bgs.ac.uk/id/Lexicon/Theme/BEDRCK
655	http://data.bgs.ac.uk/id/Lexicon/NamedRockUnit/LYBI	http://data.bgs.ac.uk/id/Lexicon/Theme/BEDRCK
656	http://data.bgs.ac.uk/id/Lexicon/NamedRockUnit/PTRC	http://data.bgs.ac.uk/id/Lexicon/Theme/BEDRCK
657	http://data.bgs.ac.uk/id/Lexicon/NamedRockUnit/POCKG	http://data.bgs.ac.uk/id/Lexicon/Theme/SPRFCL
658	http://data.bgs.ac.uk/id/Lexicon/NamedRockUnit/SWS	http://data.bgs.ac.uk/id/Lexicon/Theme/BEDRCK
659	http://data.bgs.ac.uk/id/Lexicon/NamedRockUnit/BBE	http://data.bgs.ac.uk/id/Lexicon/Theme/BEDRCK
660	http://data.bgs.ac.uk/id/Lexicon/NamedRockUnit/SWDEN	http://data.bgs.ac.uk/id/Lexicon/Theme/SPRFCL
661	http://data.bgs.ac.uk/id/Lexicon/NamedRockUnit/STRM	http://data.bgs.ac.uk/id/Lexicon/Theme/BEDRCK
662	http://data.bgs.ac.uk/id/Lexicon/NamedRockUnit/THHS	http://data.bgs.ac.uk/id/Lexicon/Theme/BEDRCK
663	http://data.bgs.ac.uk/id/Lexicon/NamedRockUnit/LELP	http://data.bgs.ac.uk/id/Lexicon/Theme/BEDRCK
664	http://data.bgs.ac.uk/id/Lexicon/NamedRockUnit/TSIF	http://data.bgs.ac.uk/id/Lexicon/Theme/BEDRCK
665	http://data.bgs.ac.uk/id/Lexicon/NamedRockUnit/DAWN	http://data.bgs.ac.uk/id/Lexicon/Theme/BEDRCK
666	http://data.bgs.ac.uk/id/Lexicon/NamedRockUnit/MVL	http://data.bgs.ac.uk/id/Lexicon/Theme/BEDRCK
667	http://data.bgs.ac.uk/id/Lexicon/NamedRockUnit/SWKSI	http://data.bgs.ac.uk/id/Lexicon/Theme/BEDRCK
668	http://data.bgs.ac.uk/id/Lexicon/NamedRockUnit/CCPM	http://data.bgs.ac.uk/id/Lexicon/Theme/BEDRCK
669	http://data.bgs.ac.uk/id/Lexicon/NamedRockUnit/LLDC	http://data.bgs.ac.uk/id/Lexicon/Theme/BEDRCK
670	http://data.bgs.ac.uk/id/Lexicon/NamedRockUnit/RAGC	http://data.bgs.ac.uk/id/Lexicon/Theme/BEDRCK
671	http://data.bgs.ac.uk/id/Lexicon/NamedRockUnit/MHCU	http://data.bgs.ac.uk/id/Lexicon/Theme/BEDRCK
672	http://data.bgs.ac.uk/id/Lexicon/NamedRockUnit/MUD	http://data.bgs.ac.uk/id/Lexicon/Theme/BEDRCK
673	http://data.bgs.ac.uk/id/Lexicon/NamedRockUnit/NWBQ	http://data.bgs.ac.uk/id/Lexicon/Theme/BEDRCK
674	http://data.bgs.ac.uk/id/Lexicon/NamedRockUnit/BHS	http://data.bgs.ac.uk/id/Lexicon/Theme/BEDRCK
675	http://data.bgs.ac.uk/id/Lexicon/NamedRockUnit/UIST	http://data.bgs.ac.uk/id/Lexicon/Theme/SPRFCL
676	http://data.bgs.ac.uk/id/Lexicon/NamedRockUnit/CHHC	http://data.bgs.ac.uk/id/Lexicon/Theme/BEDRCK
677	http://data.bgs.ac.uk/id/Lexicon/NamedRockUnit/UROHC	http://data.bgs.ac.uk/id/Lexicon/Theme/BEDRCK
678	http://data.bgs.ac.uk/id/Lexicon/NamedRockUnit/ASQ	http://data.bgs.ac.uk/id/Lexicon/Theme/BEDRCK
679	http://data.bgs.ac.uk/id/Lexicon/NamedRockUnit/NOR	http://data.bgs.ac.uk/id/Lexicon/Theme/BEDRCK
680	http://data.bgs.ac.uk/id/Lexicon/NamedRockUnit/SBBA	http://data.bgs.ac.uk/id/Lexicon/Theme/BEDRCK
681	http://data.bgs.ac.uk/id/Lexicon/NamedRockUnit/GOM	http://data.bgs.ac.uk/id/Lexicon/Theme/BEDRCK
682	http://data.bgs.ac.uk/id/Lexicon/NamedRockUnit/LLSW	http://data.bgs.ac.uk/id/Lexicon/Theme/BEDRCK
683	http://data.bgs.ac.uk/id/Lexicon/NamedRockUnit/SDT	http://data.bgs.ac.uk/id/Lexicon/Theme/BEDRCK
684	http://data.bgs.ac.uk/id/Lexicon/NamedRockUnit/CRWB	http://data.bgs.ac.uk/id/Lexicon/Theme/SPRFCL
685	http://data.bgs.ac.uk/id/Lexicon/NamedRockUnit/MUSF	http://data.bgs.ac.uk/id/Lexicon/Theme/BEDRCK
686	http://data.bgs.ac.uk/id/Lexicon/NamedRockUnit/YM	http://data.bgs.ac.uk/id/Lexicon/Theme/SPRFCL
687	http://data.bgs.ac.uk/id/Lexicon/NamedRockUnit/NTM2	http://data.bgs.ac.uk/id/Lexicon/Theme/BEDRCK
688	http://data.bgs.ac.uk/id/Lexicon/NamedRockUnit/NEM	http://data.bgs.ac.uk/id/Lexicon/Theme/BEDRCK
689	http://data.bgs.ac.uk/id/Lexicon/NamedRockUnit/DUNW	http://data.bgs.ac.uk/id/Lexicon/Theme/BEDRCK
690	http://data.bgs.ac.uk/id/Lexicon/NamedRockUnit/MASAB	http://data.bgs.ac.uk/id/Lexicon/Theme/SPRFCL
691	http://data.bgs.ac.uk/id/Lexicon/NamedRockUnit/CYLM	http://data.bgs.ac.uk/id/Lexicon/Theme/BEDRCK
692	http://data.bgs.ac.uk/id/Lexicon/NamedRockUnit/LWDC	http://data.bgs.ac.uk/id/Lexicon/Theme/BEDRCK
693	http://data.bgs.ac.uk/id/Lexicon/NamedRockUnit/WIG	http://data.bgs.ac.uk/id/Lexicon/Theme/BEDRCK
694	http://data.bgs.ac.uk/id/Lexicon/NamedRockUnit/E2C4	http://data.bgs.ac.uk/id/Lexicon/Theme/BEDRCK
695	http://data.bgs.ac.uk/id/Lexicon/NamedRockUnit/ANL	http://data.bgs.ac.uk/id/Lexicon/Theme/BEDRCK
696	http://data.bgs.ac.uk/id/Lexicon/NamedRockUnit/FIQC	http://data.bgs.ac.uk/id/Lexicon/Theme/BEDRCK
697	http://data.bgs.ac.uk/id/Lexicon/NamedRockUnit/OHL	http://data.bgs.ac.uk/id/Lexicon/Theme/BEDRCK
698	http://data.bgs.ac.uk/id/Lexicon/NamedRockUnit/SWBK	http://data.bgs.ac.uk/id/Lexicon/Theme/SPRFCL
699	http://data.bgs.ac.uk/id/Lexicon/NamedRockUnit/WAR	http://data.bgs.ac.uk/id/Lexicon/Theme/BEDRCK
700	http://data.bgs.ac.uk/id/Lexicon/NamedRockUnit/BNCO	http://data.bgs.ac.uk/id/Lexicon/Theme/BEDRCK
701	http://data.bgs.ac.uk/id/Lexicon/NamedRockUnit/CMBE	http://data.bgs.ac.uk/id/Lexicon/Theme/SPRFCL
702	http://data.bgs.ac.uk/id/Lexicon/NamedRockUnit/NMC	http://data.bgs.ac.uk/id/Lexicon/Theme/BEDRCK
703	http://data.bgs.ac.uk/id/Lexicon/NamedRockUnit/UDVS	http://data.bgs.ac.uk/id/Lexicon/Theme/BEDRCK
704	http://data.bgs.ac.uk/id/Lexicon/NamedRockUnit/QHF	http://data.bgs.ac.uk/id/Lexicon/Theme/BEDRCK
705	http://data.bgs.ac.uk/id/Lexicon/NamedRockUnit/BEDS	http://data.bgs.ac.uk/id/Lexicon/Theme/BEDRCK
706	http://data.bgs.ac.uk/id/Lexicon/NamedRockUnit/H2B1	http://data.bgs.ac.uk/id/Lexicon/Theme/BEDRCK
707	http://data.bgs.ac.uk/id/Lexicon/NamedRockUnit/GLUC	http://data.bgs.ac.uk/id/Lexicon/Theme/BEDRCK
708	http://data.bgs.ac.uk/id/Lexicon/NamedRockUnit/GABR	http://data.bgs.ac.uk/id/Lexicon/Theme/BEDRCK
709	http://data.bgs.ac.uk/id/Lexicon/NamedRockUnit/SWMCM	http://data.bgs.ac.uk/id/Lexicon/Theme/BEDRCK
710	http://data.bgs.ac.uk/id/Lexicon/NamedRockUnit/SNA	http://data.bgs.ac.uk/id/Lexicon/Theme/BEDRCK
711	http://data.bgs.ac.uk/id/Lexicon/NamedRockUnit/AYRL	http://data.bgs.ac.uk/id/Lexicon/Theme/SPRFCL
712	http://data.bgs.ac.uk/id/Lexicon/NamedRockUnit/MBS	http://data.bgs.ac.uk/id/Lexicon/Theme/BEDRCK
713	http://data.bgs.ac.uk/id/Lexicon/NamedRockUnit/RG	http://data.bgs.ac.uk/id/Lexicon/Theme/BEDRCK
714	http://data.bgs.ac.uk/id/Lexicon/NamedRockUnit/WG2FT	http://data.bgs.ac.uk/id/Lexicon/Theme/BEDRCK
715	http://data.bgs.ac.uk/id/Lexicon/NamedRockUnit/TAW1	http://data.bgs.ac.uk/id/Lexicon/Theme/SPRFCL
716	http://data.bgs.ac.uk/id/Lexicon/NamedRockUnit/CILI	http://data.bgs.ac.uk/id/Lexicon/Theme/BEDRCK
717	http://data.bgs.ac.uk/id/Lexicon/NamedRockUnit/ABG	http://data.bgs.ac.uk/id/Lexicon/Theme/BEDRCK
718	http://data.bgs.ac.uk/id/Lexicon/NamedRockUnit/ULSA	http://data.bgs.ac.uk/id/Lexicon/Theme/BEDRCK
719	http://data.bgs.ac.uk/id/Lexicon/NamedRockUnit/STOB2	http://data.bgs.ac.uk/id/Lexicon/Theme/SPRFCL
720	http://data.bgs.ac.uk/id/Lexicon/NamedRockUnit/GOS	http://data.bgs.ac.uk/id/Lexicon/Theme/BEDRCK
721	http://data.bgs.ac.uk/id/Lexicon/NamedRockUnit/WRC	http://data.bgs.ac.uk/id/Lexicon/Theme/BEDRCK
722	http://data.bgs.ac.uk/id/Lexicon/NamedRockUnit/VAFS	http://data.bgs.ac.uk/id/Lexicon/Theme/BEDRCK
723	http://data.bgs.ac.uk/id/Lexicon/NamedRockUnit/SGF	http://data.bgs.ac.uk/id/Lexicon/Theme/BEDRCK
724	http://data.bgs.ac.uk/id/Lexicon/NamedRockUnit/LORS	http://data.bgs.ac.uk/id/Lexicon/Theme/BEDRCK
725	http://data.bgs.ac.uk/id/Lexicon/NamedRockUnit/BLGR	http://data.bgs.ac.uk/id/Lexicon/Theme/BEDRCK
726	http://data.bgs.ac.uk/id/Lexicon/NamedRockUnit/MOCC	http://data.bgs.ac.uk/id/Lexicon/Theme/BEDRCK
727	http://data.bgs.ac.uk/id/Lexicon/NamedRockUnit/GYF	http://data.bgs.ac.uk/id/Lexicon/Theme/BEDRCK
728	http://data.bgs.ac.uk/id/Lexicon/NamedRockUnit/SVF	http://data.bgs.ac.uk/id/Lexicon/Theme/BEDRCK
729	http://data.bgs.ac.uk/id/Lexicon/NamedRockUnit/COPS	http://data.bgs.ac.uk/id/Lexicon/Theme/BEDRCK
730	http://data.bgs.ac.uk/id/Lexicon/NamedRockUnit/ALAC	http://data.bgs.ac.uk/id/Lexicon/Theme/BEDRCK
731	http://data.bgs.ac.uk/id/Lexicon/NamedRockUnit/TORL	http://data.bgs.ac.uk/id/Lexicon/Theme/BEDRCK
732	http://data.bgs.ac.uk/id/Lexicon/NamedRockUnit/SGT	http://data.bgs.ac.uk/id/Lexicon/Theme/BEDRCK
733	http://data.bgs.ac.uk/id/Lexicon/NamedRockUnit/BRCH	http://data.bgs.ac.uk/id/Lexicon/Theme/BEDRCK
734	http://data.bgs.ac.uk/id/Lexicon/NamedRockUnit/SGGR	http://data.bgs.ac.uk/id/Lexicon/Theme/BEDRCK
735	http://data.bgs.ac.uk/id/Lexicon/NamedRockUnit/BLEG	http://data.bgs.ac.uk/id/Lexicon/Theme/BEDRCK
736	http://data.bgs.ac.uk/id/Lexicon/NamedRockUnit/LYS	http://data.bgs.ac.uk/id/Lexicon/Theme/BEDRCK
737	http://data.bgs.ac.uk/id/Lexicon/NamedRockUnit/DMBG	http://data.bgs.ac.uk/id/Lexicon/Theme/SPRFCL
738	http://data.bgs.ac.uk/id/Lexicon/NamedRockUnit/PPGC	http://data.bgs.ac.uk/id/Lexicon/Theme/BEDRCK
739	http://data.bgs.ac.uk/id/Lexicon/NamedRockUnit/GWG	http://data.bgs.ac.uk/id/Lexicon/Theme/BEDRCK
740	http://data.bgs.ac.uk/id/Lexicon/NamedRockUnit/SNCK	http://data.bgs.ac.uk/id/Lexicon/Theme/BEDRCK
741	http://data.bgs.ac.uk/id/Lexicon/NamedRockUnit/LCRL	http://data.bgs.ac.uk/id/Lexicon/Theme/BEDRCK
742	http://data.bgs.ac.uk/id/Lexicon/NamedRockUnit/TBLS	http://data.bgs.ac.uk/id/Lexicon/Theme/BEDRCK
743	http://data.bgs.ac.uk/id/Lexicon/NamedRockUnit/CHCG	http://data.bgs.ac.uk/id/Lexicon/Theme/BEDRCK
744	http://data.bgs.ac.uk/id/Lexicon/NamedRockUnit/TIRA	http://data.bgs.ac.uk/id/Lexicon/Theme/BEDRCK
745	http://data.bgs.ac.uk/id/Lexicon/NamedRockUnit/LIBC	http://data.bgs.ac.uk/id/Lexicon/Theme/BEDRCK
746	http://data.bgs.ac.uk/id/Lexicon/NamedRockUnit/BCG	http://data.bgs.ac.uk/id/Lexicon/Theme/BEDRCK
747	http://data.bgs.ac.uk/id/Lexicon/NamedRockUnit/SUCA	http://data.bgs.ac.uk/id/Lexicon/Theme/SPRFCL
748	http://data.bgs.ac.uk/id/Lexicon/NamedRockUnit/GRGT	http://data.bgs.ac.uk/id/Lexicon/Theme/BEDRCK
749	http://data.bgs.ac.uk/id/Lexicon/NamedRockUnit/EGC	http://data.bgs.ac.uk/id/Lexicon/Theme/BEDRCK
750	http://data.bgs.ac.uk/id/Lexicon/NamedRockUnit/GASH	http://data.bgs.ac.uk/id/Lexicon/Theme/BEDRCK
751	http://data.bgs.ac.uk/id/Lexicon/NamedRockUnit/MNSP	http://data.bgs.ac.uk/id/Lexicon/Theme/BEDRCK
752	http://data.bgs.ac.uk/id/Lexicon/NamedRockUnit/PQUW	http://data.bgs.ac.uk/id/Lexicon/Theme/BEDRCK
753	http://data.bgs.ac.uk/id/Lexicon/NamedRockUnit/CREN	http://data.bgs.ac.uk/id/Lexicon/Theme/BEDRCK
754	http://data.bgs.ac.uk/id/Lexicon/NamedRockUnit/BARK	http://data.bgs.ac.uk/id/Lexicon/Theme/BEDRCK
755	http://data.bgs.ac.uk/id/Lexicon/NamedRockUnit/PLSS	http://data.bgs.ac.uk/id/Lexicon/Theme/BEDRCK
756	http://data.bgs.ac.uk/id/Lexicon/NamedRockUnit/MVFRW	http://data.bgs.ac.uk/id/Lexicon/Theme/BEDRCK
757	http://data.bgs.ac.uk/id/Lexicon/NamedRockUnit/BCHC	http://data.bgs.ac.uk/id/Lexicon/Theme/BEDRCK
758	http://data.bgs.ac.uk/id/Lexicon/NamedRockUnit/MSCC	http://data.bgs.ac.uk/id/Lexicon/Theme/BEDRCK
759	http://data.bgs.ac.uk/id/Lexicon/NamedRockUnit/CSA	http://data.bgs.ac.uk/id/Lexicon/Theme/BEDRCK
760	http://data.bgs.ac.uk/id/Lexicon/NamedRockUnit/LPWL	http://data.bgs.ac.uk/id/Lexicon/Theme/BEDRCK
761	http://data.bgs.ac.uk/id/Lexicon/NamedRockUnit/LDHU	http://data.bgs.ac.uk/id/Lexicon/Theme/BEDRCK
762	http://data.bgs.ac.uk/id/Lexicon/NamedRockUnit/LWCFU	http://data.bgs.ac.uk/id/Lexicon/Theme/SPRFCL
763	http://data.bgs.ac.uk/id/Lexicon/NamedRockUnit/PYO	http://data.bgs.ac.uk/id/Lexicon/Theme/BEDRCK
764	http://data.bgs.ac.uk/id/Lexicon/NamedRockUnit/STCF	http://data.bgs.ac.uk/id/Lexicon/Theme/BEDRCK
765	http://data.bgs.ac.uk/id/Lexicon/NamedRockUnit/BANN	http://data.bgs.ac.uk/id/Lexicon/Theme/BEDRCK
766	http://data.bgs.ac.uk/id/Lexicon/NamedRockUnit/CHWA	http://data.bgs.ac.uk/id/Lexicon/Theme/BEDRCK
767	http://data.bgs.ac.uk/id/Lexicon/NamedRockUnit/WIS	http://data.bgs.ac.uk/id/Lexicon/Theme/BEDRCK
768	http://data.bgs.ac.uk/id/Lexicon/NamedRockUnit/CULE	http://data.bgs.ac.uk/id/Lexicon/Theme/BEDRCK
769	http://data.bgs.ac.uk/id/Lexicon/NamedRockUnit/ETVE	http://data.bgs.ac.uk/id/Lexicon/Theme/BEDRCK
770	http://data.bgs.ac.uk/id/Lexicon/NamedRockUnit/BURL	http://data.bgs.ac.uk/id/Lexicon/Theme/BEDRCK
771	http://data.bgs.ac.uk/id/Lexicon/NamedRockUnit/BTLS	http://data.bgs.ac.uk/id/Lexicon/Theme/BEDRCK
772	http://data.bgs.ac.uk/id/Lexicon/NamedRockUnit/USHPE	http://data.bgs.ac.uk/id/Lexicon/Theme/BEDRCK
773	http://data.bgs.ac.uk/id/Lexicon/NamedRockUnit/SGSI	http://data.bgs.ac.uk/id/Lexicon/Theme/SPRFCL
774	http://data.bgs.ac.uk/id/Lexicon/NamedRockUnit/RHLC2	http://data.bgs.ac.uk/id/Lexicon/Theme/BEDRCK
775	http://data.bgs.ac.uk/id/Lexicon/NamedRockUnit/CCOE	http://data.bgs.ac.uk/id/Lexicon/Theme/BEDRCK
776	http://data.bgs.ac.uk/id/Lexicon/NamedRockUnit/BDCM	http://data.bgs.ac.uk/id/Lexicon/Theme/BEDRCK
777	http://data.bgs.ac.uk/id/Lexicon/NamedRockUnit/CCSB	http://data.bgs.ac.uk/id/Lexicon/Theme/BEDRCK
778	http://data.bgs.ac.uk/id/Lexicon/NamedRockUnit/CKLF	http://data.bgs.ac.uk/id/Lexicon/Theme/BEDRCK
779	http://data.bgs.ac.uk/id/Lexicon/NamedRockUnit/LRG	http://data.bgs.ac.uk/id/Lexicon/Theme/BEDRCK
780	http://data.bgs.ac.uk/id/Lexicon/NamedRockUnit/ALBI	http://data.bgs.ac.uk/id/Lexicon/Theme/SPRFCL
781	http://data.bgs.ac.uk/id/Lexicon/NamedRockUnit/MALL	http://data.bgs.ac.uk/id/Lexicon/Theme/BEDRCK
782	http://data.bgs.ac.uk/id/Lexicon/NamedRockUnit/MPIE	http://data.bgs.ac.uk/id/Lexicon/Theme/BEDRCK
783	http://data.bgs.ac.uk/id/Lexicon/NamedRockUnit/PERP	http://data.bgs.ac.uk/id/Lexicon/Theme/BEDRCK
784	http://data.bgs.ac.uk/id/Lexicon/NamedRockUnit/GDES1	http://data.bgs.ac.uk/id/Lexicon/Theme/BEDRCK
785	http://data.bgs.ac.uk/id/Lexicon/NamedRockUnit/MBR	http://data.bgs.ac.uk/id/Lexicon/Theme/BEDRCK
786	http://data.bgs.ac.uk/id/Lexicon/NamedRockUnit/CFD	http://data.bgs.ac.uk/id/Lexicon/Theme/SPRFCL
787	http://data.bgs.ac.uk/id/Lexicon/NamedRockUnit/DRUC	http://data.bgs.ac.uk/id/Lexicon/Theme/BEDRCK
788	http://data.bgs.ac.uk/id/Lexicon/NamedRockUnit/BAGR	http://data.bgs.ac.uk/id/Lexicon/Theme/BEDRCK
789	http://data.bgs.ac.uk/id/Lexicon/NamedRockUnit/IGLD	http://data.bgs.ac.uk/id/Lexicon/Theme/SPRFCL
790	http://data.bgs.ac.uk/id/Lexicon/NamedRockUnit/BKSY	http://data.bgs.ac.uk/id/Lexicon/Theme/BEDRCK
791	http://data.bgs.ac.uk/id/Lexicon/NamedRockUnit/NEBAS	http://data.bgs.ac.uk/id/Lexicon/Theme/BEDRCK
792	http://data.bgs.ac.uk/id/Lexicon/NamedRockUnit/MATH	http://data.bgs.ac.uk/id/Lexicon/Theme/BEDRCK
793	http://data.bgs.ac.uk/id/Lexicon/NamedRockUnit/CQ	http://data.bgs.ac.uk/id/Lexicon/Theme/BEDRCK
794	http://data.bgs.ac.uk/id/Lexicon/NamedRockUnit/MBCD	http://data.bgs.ac.uk/id/Lexicon/Theme/BEDRCK
795	http://data.bgs.ac.uk/id/Lexicon/NamedRockUnit/UAQB	http://data.bgs.ac.uk/id/Lexicon/Theme/BEDRCK
796	http://data.bgs.ac.uk/id/Lexicon/NamedRockUnit/BKF	http://data.bgs.ac.uk/id/Lexicon/Theme/BEDRCK
797	http://data.bgs.ac.uk/id/Lexicon/NamedRockUnit/AYS	http://data.bgs.ac.uk/id/Lexicon/Theme/BEDRCK
798	http://data.bgs.ac.uk/id/Lexicon/NamedRockUnit/DSA	http://data.bgs.ac.uk/id/Lexicon/Theme/BEDRCK
799	http://data.bgs.ac.uk/id/Lexicon/NamedRockUnit/GBI	http://data.bgs.ac.uk/id/Lexicon/Theme/BEDRCK
800	http://data.bgs.ac.uk/id/Lexicon/NamedRockUnit/ALCRG	http://data.bgs.ac.uk/id/Lexicon/Theme/BEDRCK
801	http://data.bgs.ac.uk/id/Lexicon/NamedRockUnit/TIS	http://data.bgs.ac.uk/id/Lexicon/Theme/BEDRCK
802	http://data.bgs.ac.uk/id/Lexicon/NamedRockUnit/BDNS	http://data.bgs.ac.uk/id/Lexicon/Theme/BEDRCK
803	http://data.bgs.ac.uk/id/Lexicon/NamedRockUnit/BKFL	http://data.bgs.ac.uk/id/Lexicon/Theme/BEDRCK
804	http://data.bgs.ac.uk/id/Lexicon/NamedRockUnit/3QCC	http://data.bgs.ac.uk/id/Lexicon/Theme/BEDRCK
805	http://data.bgs.ac.uk/id/Lexicon/NamedRockUnit/NOL	http://data.bgs.ac.uk/id/Lexicon/Theme/BEDRCK
806	http://data.bgs.ac.uk/id/Lexicon/NamedRockUnit/OVS	http://data.bgs.ac.uk/id/Lexicon/Theme/BEDRCK
807	http://data.bgs.ac.uk/id/Lexicon/NamedRockUnit/CMK	http://data.bgs.ac.uk/id/Lexicon/Theme/BEDRCK
808	http://data.bgs.ac.uk/id/Lexicon/NamedRockUnit/WRE	http://data.bgs.ac.uk/id/Lexicon/Theme/BEDRCK
809	http://data.bgs.ac.uk/id/Lexicon/NamedRockUnit/BDWR	http://data.bgs.ac.uk/id/Lexicon/Theme/BEDRCK
810	http://data.bgs.ac.uk/id/Lexicon/NamedRockUnit/GRAD	http://data.bgs.ac.uk/id/Lexicon/Theme/BEDRCK
811	http://data.bgs.ac.uk/id/Lexicon/NamedRockUnit/HAT	http://data.bgs.ac.uk/id/Lexicon/Theme/BEDRCK
812	http://data.bgs.ac.uk/id/Lexicon/NamedRockUnit/SAPE	http://data.bgs.ac.uk/id/Lexicon/Theme/BEDRCK
813	http://data.bgs.ac.uk/id/Lexicon/NamedRockUnit/BAMC	http://data.bgs.ac.uk/id/Lexicon/Theme/BEDRCK
814	http://data.bgs.ac.uk/id/Lexicon/NamedRockUnit/DCLS	http://data.bgs.ac.uk/id/Lexicon/Theme/BEDRCK
815	http://data.bgs.ac.uk/id/Lexicon/NamedRockUnit/RBDU	http://data.bgs.ac.uk/id/Lexicon/Theme/SPRFCL
816	http://data.bgs.ac.uk/id/Lexicon/NamedRockUnit/BLBI	http://data.bgs.ac.uk/id/Lexicon/Theme/BEDRCK
817	http://data.bgs.ac.uk/id/Lexicon/NamedRockUnit/BUGP	http://data.bgs.ac.uk/id/Lexicon/Theme/BEDRCK
818	http://data.bgs.ac.uk/id/Lexicon/NamedRockUnit/USCL	http://data.bgs.ac.uk/id/Lexicon/Theme/BEDRCK
819	http://data.bgs.ac.uk/id/Lexicon/NamedRockUnit/HOS	http://data.bgs.ac.uk/id/Lexicon/Theme/BEDRCK
820	http://data.bgs.ac.uk/id/Lexicon/NamedRockUnit/PSG	http://data.bgs.ac.uk/id/Lexicon/Theme/BEDRCK
821	http://data.bgs.ac.uk/id/Lexicon/NamedRockUnit/AFB	http://data.bgs.ac.uk/id/Lexicon/Theme/BEDRCK
822	http://data.bgs.ac.uk/id/Lexicon/NamedRockUnit/TFD	http://data.bgs.ac.uk/id/Lexicon/Theme/SPRFCL
823	http://data.bgs.ac.uk/id/Lexicon/NamedRockUnit/MCDL	http://data.bgs.ac.uk/id/Lexicon/Theme/BEDRCK
824	http://data.bgs.ac.uk/id/Lexicon/NamedRockUnit/SYDR	http://data.bgs.ac.uk/id/Lexicon/Theme/SPRFCL
825	http://data.bgs.ac.uk/id/Lexicon/NamedRockUnit/DULC	http://data.bgs.ac.uk/id/Lexicon/Theme/BEDRCK
826	http://data.bgs.ac.uk/id/Lexicon/NamedRockUnit/MCPAS	http://data.bgs.ac.uk/id/Lexicon/Theme/BEDRCK
827	http://data.bgs.ac.uk/id/Lexicon/NamedRockUnit/R1B2	http://data.bgs.ac.uk/id/Lexicon/Theme/BEDRCK
828	http://data.bgs.ac.uk/id/Lexicon/NamedRockUnit/RDBR	http://data.bgs.ac.uk/id/Lexicon/Theme/BEDRCK
829	http://data.bgs.ac.uk/id/Lexicon/NamedRockUnit/VIDL	http://data.bgs.ac.uk/id/Lexicon/Theme/BEDRCK
830	http://data.bgs.ac.uk/id/Lexicon/NamedRockUnit/GFDUI	http://data.bgs.ac.uk/id/Lexicon/Theme/SPRFCL
831	http://data.bgs.ac.uk/id/Lexicon/NamedRockUnit/USWO	http://data.bgs.ac.uk/id/Lexicon/Theme/BEDRCK
832	http://data.bgs.ac.uk/id/Lexicon/NamedRockUnit/MHS	http://data.bgs.ac.uk/id/Lexicon/Theme/BEDRCK
833	http://data.bgs.ac.uk/id/Lexicon/NamedRockUnit/BERE	http://data.bgs.ac.uk/id/Lexicon/Theme/SPRFCL
834	http://data.bgs.ac.uk/id/Lexicon/NamedRockUnit/GKTU	http://data.bgs.ac.uk/id/Lexicon/Theme/BEDRCK
835	http://data.bgs.ac.uk/id/Lexicon/NamedRockUnit/MEW	http://data.bgs.ac.uk/id/Lexicon/Theme/BEDRCK
836	http://data.bgs.ac.uk/id/Lexicon/NamedRockUnit/AVF	http://data.bgs.ac.uk/id/Lexicon/Theme/BEDRCK
837	http://data.bgs.ac.uk/id/Lexicon/NamedRockUnit/WOU	http://data.bgs.ac.uk/id/Lexicon/Theme/BEDRCK
838	http://data.bgs.ac.uk/id/Lexicon/NamedRockUnit/DBDP	http://data.bgs.ac.uk/id/Lexicon/Theme/BEDRCK
839	http://data.bgs.ac.uk/id/Lexicon/NamedRockUnit/PESH	http://data.bgs.ac.uk/id/Lexicon/Theme/BEDRCK
840	http://data.bgs.ac.uk/id/Lexicon/NamedRockUnit/RVGS	http://data.bgs.ac.uk/id/Lexicon/Theme/BEDRCK
841	http://data.bgs.ac.uk/id/Lexicon/NamedRockUnit/BOFL	http://data.bgs.ac.uk/id/Lexicon/Theme/BEDRCK
842	http://data.bgs.ac.uk/id/Lexicon/NamedRockUnit/SNLS	http://data.bgs.ac.uk/id/Lexicon/Theme/BEDRCK
843	http://data.bgs.ac.uk/id/Lexicon/NamedRockUnit/HLBC	http://data.bgs.ac.uk/id/Lexicon/Theme/BEDRCK
844	http://data.bgs.ac.uk/id/Lexicon/NamedRockUnit/WHCK	http://data.bgs.ac.uk/id/Lexicon/Theme/BEDRCK
845	http://data.bgs.ac.uk/id/Lexicon/NamedRockUnit/P1	http://data.bgs.ac.uk/id/Lexicon/Theme/BEDRCK
846	http://data.bgs.ac.uk/id/Lexicon/NamedRockUnit/EF5	http://data.bgs.ac.uk/id/Lexicon/Theme/BEDRCK
847	http://data.bgs.ac.uk/id/Lexicon/NamedRockUnit/THM	http://data.bgs.ac.uk/id/Lexicon/Theme/BEDRCK
848	http://data.bgs.ac.uk/id/Lexicon/NamedRockUnit/CNSP	http://data.bgs.ac.uk/id/Lexicon/Theme/BEDRCK
849	http://data.bgs.ac.uk/id/Lexicon/NamedRockUnit/PTNI	http://data.bgs.ac.uk/id/Lexicon/Theme/BEDRCK
850	http://data.bgs.ac.uk/id/Lexicon/NamedRockUnit/MPSA	http://data.bgs.ac.uk/id/Lexicon/Theme/BEDRCK
851	http://data.bgs.ac.uk/id/Lexicon/NamedRockUnit/TFWL	http://data.bgs.ac.uk/id/Lexicon/Theme/BEDRCK
852	http://data.bgs.ac.uk/id/Lexicon/NamedRockUnit/COYS	http://data.bgs.ac.uk/id/Lexicon/Theme/BEDRCK
853	http://data.bgs.ac.uk/id/Lexicon/NamedRockUnit/NEDI	http://data.bgs.ac.uk/id/Lexicon/Theme/BEDRCK
854	http://data.bgs.ac.uk/id/Lexicon/NamedRockUnit/LMKL	http://data.bgs.ac.uk/id/Lexicon/Theme/BEDRCK
855	http://data.bgs.ac.uk/id/Lexicon/NamedRockUnit/WICO	http://data.bgs.ac.uk/id/Lexicon/Theme/BEDRCK
856	http://data.bgs.ac.uk/id/Lexicon/NamedRockUnit/DPCC	http://data.bgs.ac.uk/id/Lexicon/Theme/BEDRCK
857	http://data.bgs.ac.uk/id/Lexicon/NamedRockUnit/STE	http://data.bgs.ac.uk/id/Lexicon/Theme/BEDRCK
858	http://data.bgs.ac.uk/id/Lexicon/NamedRockUnit/THDC	http://data.bgs.ac.uk/id/Lexicon/Theme/BEDRCK
859	http://data.bgs.ac.uk/id/Lexicon/NamedRockUnit/LIHH	http://data.bgs.ac.uk/id/Lexicon/Theme/BEDRCK
860	http://data.bgs.ac.uk/id/Lexicon/NamedRockUnit/PMO	http://data.bgs.ac.uk/id/Lexicon/Theme/BEDRCK
861	http://data.bgs.ac.uk/id/Lexicon/NamedRockUnit/LICO	http://data.bgs.ac.uk/id/Lexicon/Theme/BEDRCK
862	http://data.bgs.ac.uk/id/Lexicon/NamedRockUnit/TTYC	http://data.bgs.ac.uk/id/Lexicon/Theme/BEDRCK
863	http://data.bgs.ac.uk/id/Lexicon/NamedRockUnit/LITI	http://data.bgs.ac.uk/id/Lexicon/Theme/SPRFCL
864	http://data.bgs.ac.uk/id/Lexicon/NamedRockUnit/GROS	http://data.bgs.ac.uk/id/Lexicon/Theme/SPRFCL
865	http://data.bgs.ac.uk/id/Lexicon/NamedRockUnit/CARB	http://data.bgs.ac.uk/id/Lexicon/Theme/BEDRCK
866	http://data.bgs.ac.uk/id/Lexicon/NamedRockUnit/BALY	http://data.bgs.ac.uk/id/Lexicon/Theme/BEDRCK
867	http://data.bgs.ac.uk/id/Lexicon/NamedRockUnit/DYDC	http://data.bgs.ac.uk/id/Lexicon/Theme/BEDRCK
868	http://data.bgs.ac.uk/id/Lexicon/NamedRockUnit/SHCM	http://data.bgs.ac.uk/id/Lexicon/Theme/BEDRCK
869	http://data.bgs.ac.uk/id/Lexicon/NamedRockUnit/AVLI	http://data.bgs.ac.uk/id/Lexicon/Theme/BEDRCK
870	http://data.bgs.ac.uk/id/Lexicon/NamedRockUnit/BBKS	http://data.bgs.ac.uk/id/Lexicon/Theme/BEDRCK
871	http://data.bgs.ac.uk/id/Lexicon/NamedRockUnit/CMU	http://data.bgs.ac.uk/id/Lexicon/Theme/BEDRCK
872	http://data.bgs.ac.uk/id/Lexicon/NamedRockUnit/RTD6	http://data.bgs.ac.uk/id/Lexicon/Theme/SPRFCL
873	http://data.bgs.ac.uk/id/Lexicon/NamedRockUnit/CSC	http://data.bgs.ac.uk/id/Lexicon/Theme/BEDRCK
874	http://data.bgs.ac.uk/id/Lexicon/NamedRockUnit/POLG	http://data.bgs.ac.uk/id/Lexicon/Theme/BEDRCK
875	http://data.bgs.ac.uk/id/Lexicon/NamedRockUnit/LMPS	http://data.bgs.ac.uk/id/Lexicon/Theme/BEDRCK
876	http://data.bgs.ac.uk/id/Lexicon/NamedRockUnit/ROSSE	http://data.bgs.ac.uk/id/Lexicon/Theme/BEDRCK
877	http://data.bgs.ac.uk/id/Lexicon/NamedRockUnit/BMTBC	http://data.bgs.ac.uk/id/Lexicon/Theme/BEDRCK
878	http://data.bgs.ac.uk/id/Lexicon/NamedRockUnit/N0LS	http://data.bgs.ac.uk/id/Lexicon/Theme/BEDRCK
879	http://data.bgs.ac.uk/id/Lexicon/NamedRockUnit/TUY	http://data.bgs.ac.uk/id/Lexicon/Theme/BEDRCK
880	http://data.bgs.ac.uk/id/Lexicon/NamedRockUnit/CHWC	http://data.bgs.ac.uk/id/Lexicon/Theme/BEDRCK
881	http://data.bgs.ac.uk/id/Lexicon/NamedRockUnit/KEAD	http://data.bgs.ac.uk/id/Lexicon/Theme/BEDRCK
882	http://data.bgs.ac.uk/id/Lexicon/NamedRockUnit/WRS	http://data.bgs.ac.uk/id/Lexicon/Theme/BEDRCK
883	http://data.bgs.ac.uk/id/Lexicon/NamedRockUnit/SBKI	http://data.bgs.ac.uk/id/Lexicon/Theme/BEDRCK
884	http://data.bgs.ac.uk/id/Lexicon/NamedRockUnit/CORL	http://data.bgs.ac.uk/id/Lexicon/Theme/BEDRCK
885	http://data.bgs.ac.uk/id/Lexicon/NamedRockUnit/TAB	http://data.bgs.ac.uk/id/Lexicon/Theme/BEDRCK
886	http://data.bgs.ac.uk/id/Lexicon/NamedRockUnit/TALN	http://data.bgs.ac.uk/id/Lexicon/Theme/BEDRCK
887	http://data.bgs.ac.uk/id/Lexicon/NamedRockUnit/MSI	http://data.bgs.ac.uk/id/Lexicon/Theme/BEDRCK
888	http://data.bgs.ac.uk/id/Lexicon/NamedRockUnit/MBMQG	http://data.bgs.ac.uk/id/Lexicon/Theme/BEDRCK
889	http://data.bgs.ac.uk/id/Lexicon/NamedRockUnit/BIS	http://data.bgs.ac.uk/id/Lexicon/Theme/BEDRCK
890	http://data.bgs.ac.uk/id/Lexicon/NamedRockUnit/LAN	http://data.bgs.ac.uk/id/Lexicon/Theme/BEDRCK
891	http://data.bgs.ac.uk/id/Lexicon/NamedRockUnit/RML	http://data.bgs.ac.uk/id/Lexicon/Theme/BEDRCK
892	http://data.bgs.ac.uk/id/Lexicon/NamedRockUnit/DLB	http://data.bgs.ac.uk/id/Lexicon/Theme/BEDRCK
893	http://data.bgs.ac.uk/id/Lexicon/NamedRockUnit/CUILU	http://data.bgs.ac.uk/id/Lexicon/Theme/BEDRCK
894	http://data.bgs.ac.uk/id/Lexicon/NamedRockUnit/OLDE	http://data.bgs.ac.uk/id/Lexicon/Theme/SPRFCL
895	http://data.bgs.ac.uk/id/Lexicon/NamedRockUnit/EILDE	http://data.bgs.ac.uk/id/Lexicon/Theme/BEDRCK
896	http://data.bgs.ac.uk/id/Lexicon/NamedRockUnit/LLE	http://data.bgs.ac.uk/id/Lexicon/Theme/BEDRCK
897	http://data.bgs.ac.uk/id/Lexicon/NamedRockUnit/NO	http://data.bgs.ac.uk/id/Lexicon/Theme/SPRFCL
898	http://data.bgs.ac.uk/id/Lexicon/NamedRockUnit/BFA	http://data.bgs.ac.uk/id/Lexicon/Theme/BEDRCK
899	http://data.bgs.ac.uk/id/Lexicon/NamedRockUnit/TSCL	http://data.bgs.ac.uk/id/Lexicon/Theme/SPRFCL
900	http://data.bgs.ac.uk/id/Lexicon/NamedRockUnit/NN1C	http://data.bgs.ac.uk/id/Lexicon/Theme/BEDRCK
901	http://data.bgs.ac.uk/id/Lexicon/NamedRockUnit/RBW	http://data.bgs.ac.uk/id/Lexicon/Theme/BEDRCK
902	http://data.bgs.ac.uk/id/Lexicon/NamedRockUnit/RO4	http://data.bgs.ac.uk/id/Lexicon/Theme/SPRFCL
903	http://data.bgs.ac.uk/id/Lexicon/NamedRockUnit/LIT	http://data.bgs.ac.uk/id/Lexicon/Theme/BEDRCK
904	http://data.bgs.ac.uk/id/Lexicon/NamedRockUnit/FMEER	http://data.bgs.ac.uk/id/Lexicon/Theme/SPRFCL
905	http://data.bgs.ac.uk/id/Lexicon/NamedRockUnit/NFR	http://data.bgs.ac.uk/id/Lexicon/Theme/BEDRCK
906	http://data.bgs.ac.uk/id/Lexicon/NamedRockUnit/NEI	http://data.bgs.ac.uk/id/Lexicon/Theme/BEDRCK
907	http://data.bgs.ac.uk/id/Lexicon/NamedRockUnit/HTSH	http://data.bgs.ac.uk/id/Lexicon/Theme/BEDRCK
908	http://data.bgs.ac.uk/id/Lexicon/NamedRockUnit/PNF	http://data.bgs.ac.uk/id/Lexicon/Theme/BEDRCK
909	http://data.bgs.ac.uk/id/Lexicon/NamedRockUnit/LLND	http://data.bgs.ac.uk/id/Lexicon/Theme/BEDRCK
910	http://data.bgs.ac.uk/id/Lexicon/NamedRockUnit/MYGL	http://data.bgs.ac.uk/id/Lexicon/Theme/BEDRCK
911	http://data.bgs.ac.uk/id/Lexicon/NamedRockUnit/LPE	http://data.bgs.ac.uk/id/Lexicon/Theme/BEDRCK
912	http://data.bgs.ac.uk/id/Lexicon/NamedRockUnit/WAN	http://data.bgs.ac.uk/id/Lexicon/Theme/BEDRCK
913	http://data.bgs.ac.uk/id/Lexicon/NamedRockUnit/UTG	http://data.bgs.ac.uk/id/Lexicon/Theme/BEDRCK
914	http://data.bgs.ac.uk/id/Lexicon/NamedRockUnit/CBLC	http://data.bgs.ac.uk/id/Lexicon/Theme/BEDRCK
915	http://data.bgs.ac.uk/id/Lexicon/NamedRockUnit/RATG	http://data.bgs.ac.uk/id/Lexicon/Theme/BEDRCK
916	http://data.bgs.ac.uk/id/Lexicon/NamedRockUnit/TA	http://data.bgs.ac.uk/id/Lexicon/Theme/BEDRCK
917	http://data.bgs.ac.uk/id/Lexicon/NamedRockUnit/QHU	http://data.bgs.ac.uk/id/Lexicon/Theme/SPRFCL
918	http://data.bgs.ac.uk/id/Lexicon/NamedRockUnit/KN14	http://data.bgs.ac.uk/id/Lexicon/Theme/BEDRCK
919	http://data.bgs.ac.uk/id/Lexicon/NamedRockUnit/YED	http://data.bgs.ac.uk/id/Lexicon/Theme/BEDRCK
920	http://data.bgs.ac.uk/id/Lexicon/NamedRockUnit/NWC	http://data.bgs.ac.uk/id/Lexicon/Theme/BEDRCK
921	http://data.bgs.ac.uk/id/Lexicon/NamedRockUnit/CNCS	http://data.bgs.ac.uk/id/Lexicon/Theme/BEDRCK
922	http://data.bgs.ac.uk/id/Lexicon/NamedRockUnit/LEMA	http://data.bgs.ac.uk/id/Lexicon/Theme/BEDRCK
923	http://data.bgs.ac.uk/id/Lexicon/NamedRockUnit/BHGL	http://data.bgs.ac.uk/id/Lexicon/Theme/BEDRCK
924	http://data.bgs.ac.uk/id/Lexicon/NamedRockUnit/LTAN	http://data.bgs.ac.uk/id/Lexicon/Theme/BEDRCK
925	http://data.bgs.ac.uk/id/Lexicon/NamedRockUnit/CRUA	http://data.bgs.ac.uk/id/Lexicon/Theme/BEDRCK
926	http://data.bgs.ac.uk/id/Lexicon/NamedRockUnit/CDRL	http://data.bgs.ac.uk/id/Lexicon/Theme/BEDRCK
927	http://data.bgs.ac.uk/id/Lexicon/NamedRockUnit/WC	http://data.bgs.ac.uk/id/Lexicon/Theme/BEDRCK
928	http://data.bgs.ac.uk/id/Lexicon/NamedRockUnit/RLE14	http://data.bgs.ac.uk/id/Lexicon/Theme/BEDRCK
929	http://data.bgs.ac.uk/id/Lexicon/NamedRockUnit/TCTN	http://data.bgs.ac.uk/id/Lexicon/Theme/BEDRCK
930	http://data.bgs.ac.uk/id/Lexicon/NamedRockUnit/LSYS	http://data.bgs.ac.uk/id/Lexicon/Theme/BEDRCK
931	http://data.bgs.ac.uk/id/Lexicon/NamedRockUnit/MVSG	http://data.bgs.ac.uk/id/Lexicon/Theme/SPRFCL
932	http://data.bgs.ac.uk/id/Lexicon/NamedRockUnit/BEDN	http://data.bgs.ac.uk/id/Lexicon/Theme/BEDRCK
933	http://data.bgs.ac.uk/id/Lexicon/NamedRockUnit/MRI	http://data.bgs.ac.uk/id/Lexicon/Theme/BEDRCK
934	http://data.bgs.ac.uk/id/Lexicon/NamedRockUnit/ULL	http://data.bgs.ac.uk/id/Lexicon/Theme/BEDRCK
935	http://data.bgs.ac.uk/id/Lexicon/NamedRockUnit/CROW	http://data.bgs.ac.uk/id/Lexicon/Theme/BEDRCK
936	http://data.bgs.ac.uk/id/Lexicon/NamedRockUnit/BCWC	http://data.bgs.ac.uk/id/Lexicon/Theme/BEDRCK
937	http://data.bgs.ac.uk/id/Lexicon/NamedRockUnit/SBT	http://data.bgs.ac.uk/id/Lexicon/Theme/BEDRCK
938	http://data.bgs.ac.uk/id/Lexicon/NamedRockUnit/TFCK	http://data.bgs.ac.uk/id/Lexicon/Theme/BEDRCK
939	http://data.bgs.ac.uk/id/Lexicon/NamedRockUnit/UEXC	http://data.bgs.ac.uk/id/Lexicon/Theme/BEDRCK
940	http://data.bgs.ac.uk/id/Lexicon/NamedRockUnit/WETS	http://data.bgs.ac.uk/id/Lexicon/Theme/BEDRCK
941	http://data.bgs.ac.uk/id/Lexicon/NamedRockUnit/YWOR	http://data.bgs.ac.uk/id/Lexicon/Theme/BEDRCK
942	http://data.bgs.ac.uk/id/Lexicon/NamedRockUnit/CWRK	http://data.bgs.ac.uk/id/Lexicon/Theme/BEDRCK
943	http://data.bgs.ac.uk/id/Lexicon/NamedRockUnit/CLRK	http://data.bgs.ac.uk/id/Lexicon/Theme/BEDRCK
944	http://data.bgs.ac.uk/id/Lexicon/NamedRockUnit/BAD	http://data.bgs.ac.uk/id/Lexicon/Theme/BEDRCK
945	http://data.bgs.ac.uk/id/Lexicon/NamedRockUnit/UDM	http://data.bgs.ac.uk/id/Lexicon/Theme/BEDRCK
946	http://data.bgs.ac.uk/id/Lexicon/NamedRockUnit/DOL	http://data.bgs.ac.uk/id/Lexicon/Theme/BEDRCK
947	http://data.bgs.ac.uk/id/Lexicon/NamedRockUnit/BCAM	http://data.bgs.ac.uk/id/Lexicon/Theme/BEDRCK
948	http://data.bgs.ac.uk/id/Lexicon/NamedRockUnit/HAU	http://data.bgs.ac.uk/id/Lexicon/Theme/BEDRCK
949	http://data.bgs.ac.uk/id/Lexicon/NamedRockUnit/HAFD	http://data.bgs.ac.uk/id/Lexicon/Theme/BEDRCK
950	http://data.bgs.ac.uk/id/Lexicon/NamedRockUnit/LIWD	http://data.bgs.ac.uk/id/Lexicon/Theme/SPRFCL
951	http://data.bgs.ac.uk/id/Lexicon/NamedRockUnit/MTIL	http://data.bgs.ac.uk/id/Lexicon/Theme/SPRFCL
952	http://data.bgs.ac.uk/id/Lexicon/NamedRockUnit/UDSL	http://data.bgs.ac.uk/id/Lexicon/Theme/BEDRCK
953	http://data.bgs.ac.uk/id/Lexicon/NamedRockUnit/LWW	http://data.bgs.ac.uk/id/Lexicon/Theme/BEDRCK
954	http://data.bgs.ac.uk/id/Lexicon/NamedRockUnit/TR	http://data.bgs.ac.uk/id/Lexicon/Theme/BEDRCK
955	http://data.bgs.ac.uk/id/Lexicon/NamedRockUnit/LSV	http://data.bgs.ac.uk/id/Lexicon/Theme/BEDRCK
956	http://data.bgs.ac.uk/id/Lexicon/NamedRockUnit/AR1	http://data.bgs.ac.uk/id/Lexicon/Theme/SPRFCL
957	http://data.bgs.ac.uk/id/Lexicon/NamedRockUnit/CBNL	http://data.bgs.ac.uk/id/Lexicon/Theme/BEDRCK
958	http://data.bgs.ac.uk/id/Lexicon/NamedRockUnit/VCG	http://data.bgs.ac.uk/id/Lexicon/Theme/BEDRCK
959	http://data.bgs.ac.uk/id/Lexicon/NamedRockUnit/LOYD	http://data.bgs.ac.uk/id/Lexicon/Theme/BEDRCK
960	http://data.bgs.ac.uk/id/Lexicon/NamedRockUnit/KHB	http://data.bgs.ac.uk/id/Lexicon/Theme/BEDRCK
961	http://data.bgs.ac.uk/id/Lexicon/NamedRockUnit/BLOC	http://data.bgs.ac.uk/id/Lexicon/Theme/SPRFCL
962	http://data.bgs.ac.uk/id/Lexicon/NamedRockUnit/YARR	http://data.bgs.ac.uk/id/Lexicon/Theme/BEDRCK
963	http://data.bgs.ac.uk/id/Lexicon/NamedRockUnit/RT11A	http://data.bgs.ac.uk/id/Lexicon/Theme/SPRFCL
964	http://data.bgs.ac.uk/id/Lexicon/NamedRockUnit/CRKY	http://data.bgs.ac.uk/id/Lexicon/Theme/BEDRCK
965	http://data.bgs.ac.uk/id/Lexicon/NamedRockUnit/BKCG	http://data.bgs.ac.uk/id/Lexicon/Theme/BEDRCK
966	http://data.bgs.ac.uk/id/Lexicon/NamedRockUnit/RPSL	http://data.bgs.ac.uk/id/Lexicon/Theme/BEDRCK
967	http://data.bgs.ac.uk/id/Lexicon/NamedRockUnit/CWCO	http://data.bgs.ac.uk/id/Lexicon/Theme/BEDRCK
968	http://data.bgs.ac.uk/id/Lexicon/NamedRockUnit/PYG	http://data.bgs.ac.uk/id/Lexicon/Theme/BEDRCK
969	http://data.bgs.ac.uk/id/Lexicon/NamedRockUnit/FRE	http://data.bgs.ac.uk/id/Lexicon/Theme/BEDRCK
970	http://data.bgs.ac.uk/id/Lexicon/NamedRockUnit/WCO	http://data.bgs.ac.uk/id/Lexicon/Theme/BEDRCK
971	http://data.bgs.ac.uk/id/Lexicon/NamedRockUnit/E1B2	http://data.bgs.ac.uk/id/Lexicon/Theme/BEDRCK
972	http://data.bgs.ac.uk/id/Lexicon/NamedRockUnit/EDCP	http://data.bgs.ac.uk/id/Lexicon/Theme/BEDRCK
973	http://data.bgs.ac.uk/id/Lexicon/NamedRockUnit/STBC	http://data.bgs.ac.uk/id/Lexicon/Theme/BEDRCK
974	http://data.bgs.ac.uk/id/Lexicon/NamedRockUnit/LWDVS	http://data.bgs.ac.uk/id/Lexicon/Theme/SPRFCL
975	http://data.bgs.ac.uk/id/Lexicon/NamedRockUnit/SHCO	http://data.bgs.ac.uk/id/Lexicon/Theme/BEDRCK
